scope,run_id,run_label,benchmark_name,model,prompt_family_id,experiment_group,game,variant_name,architecture_id,architecture_name,trial_count,run_count,outcome_score_mean,outcome_score_variance,outcome_score_stddev,outcome_score_observations,invalid_rate_mean,invalid_rate_variance,invalid_rate_stddev,invalid_rate_observations,nash_distance_mean,nash_distance_variance,nash_distance_stddev,nash_distance_observations,oracle_accuracy_mean,oracle_accuracy_variance,oracle_accuracy_stddev,oracle_accuracy_observations,value_gap_mean,value_gap_variance,value_gap_stddev,value_gap_observations,blunder_rate_mean,blunder_rate_variance,blunder_rate_stddev,blunder_rate_observations
run,run_20260410_164115_8bf1db5_dirty,architecture_smoke,architecture_smoke,mock-deterministic,,internal_ai_tournament,blotto,blotto,hierarchical,Hierarchical Team,5,1,0.5,0.0,0.0,5,0.0,0.0,0.0,5,,,,0,,,,0,,,,0,,,,0
run,run_20260410_164115_8bf1db5_dirty,architecture_smoke,architecture_smoke,mock-deterministic,,internal_ai_tournament,blotto,blotto,hierarchical_multi_critic,Hierarchical Team (2 Critics),5,1,0.5,0.0,0.0,5,0.0,0.0,0.0,5,,,,0,,,,0,,,,0,,,,0
run,run_20260410_164115_8bf1db5_dirty,architecture_smoke,architecture_smoke,mock-deterministic,,internal_ai_tournament,blotto,blotto,hierarchical_no_critic,Hierarchical Team (No Critic),5,1,0.5,0.0,0.0,5,0.0,0.0,0.0,5,,,,0,,,,0,,,,0,,,,0
run,run_20260410_164115_8bf1db5_dirty,architecture_smoke,architecture_smoke,mock-deterministic,,internal_ai_tournament,blotto,blotto,parallel,Parallel Team,5,1,0.5,0.0,0.0,5,0.0,0.0,0.0,5,,,,0,,,,0,,,,0,,,,0
run,run_20260410_164115_8bf1db5_dirty,architecture_smoke,architecture_smoke,mock-deterministic,,internal_ai_tournament,blotto,blotto,parallel_2,Parallel Team (2),5,1,0.5,0.0,0.0,5,0.0,0.0,0.0,5,,,,0,,,,0,,,,0,,,,0
run,run_20260410_164115_8bf1db5_dirty,architecture_smoke,architecture_smoke,mock-deterministic,,internal_ai_tournament,blotto,blotto,single,Single Agent,5,1,0.5,0.0,0.0,5,0.0,0.0,0.0,5,,,,0,,,,0,,,,0,,,,0
run,run_20260410_164115_8bf1db5_dirty,architecture_smoke,architecture_smoke,mock-deterministic,,internal_ai_tournament,connect4,connect4,hierarchical_team,Hierarchical Team,5,1,0.4,0.24,0.4898979485566356,5,0.0,0.0,0.0,5,,,,0,,,,0,,,,0,,,,0
run,run_20260410_164115_8bf1db5_dirty,architecture_smoke,architecture_smoke,mock-deterministic,,internal_ai_tournament,connect4,connect4,hierarchical_team_2_critics,Hierarchical Team (2 Critics),5,1,0.0,0.0,0.0,5,0.0,0.0,0.0,5,,,,0,,,,0,,,,0,,,,0
run,run_20260410_164115_8bf1db5_dirty,architecture_smoke,architecture_smoke,mock-deterministic,,internal_ai_tournament,connect4,connect4,hierarchical_team_no_critic,Hierarchical Team (No Critic),5,1,0.2,0.16,0.4,5,0.0,0.0,0.0,5,,,,0,,,,0,,,,0,,,,0
run,run_20260410_164115_8bf1db5_dirty,architecture_smoke,architecture_smoke,mock-deterministic,,internal_ai_tournament,connect4,connect4,parallel_team,Parallel Team,5,1,0.6,0.24,0.4898979485566356,5,0.0,0.0,0.0,5,,,,0,,,,0,,,,0,,,,0
run,run_20260410_164115_8bf1db5_dirty,architecture_smoke,architecture_smoke,mock-deterministic,,internal_ai_tournament,connect4,connect4,parallel_team_2,Parallel Team (2),5,1,0.8,0.16,0.4,5,0.0,0.0,0.0,5,,,,0,,,,0,,,,0,,,,0
run,run_20260410_164115_8bf1db5_dirty,architecture_smoke,architecture_smoke,mock-deterministic,,internal_ai_tournament,connect4,connect4,single_agent,Single Agent,5,1,1.0,0.0,0.0,5,0.0,0.0,0.0,5,,,,0,,,,0,,,,0,,,,0
run,run_20260411_213908_032b2a0_dirty,baseline_architecture_benchmark,multi_agent_llm_game_benchmark_mock,mock-deterministic,structured_reasoning_v1,blotto_vs_bots,blotto,discrete_blotto_v1,hierarchical,Hierarchical Team,12,1,0.25,0.1875,0.4330127018922193,12,0.0,0.0,0.0,12,0.16333333333333333,0.006622222222222222,0.08137703743822469,12,,,,0,,,,0,,,,0
run,run_20260411_214117_032b2a0_dirty,baseline_architecture_benchmark,multi_agent_llm_game_benchmark_mock,mock-deterministic,structured_reasoning_v1,blotto_vs_bots,blotto,discrete_blotto_v1,hierarchical,Hierarchical Team,12,1,0.25,0.1875,0.4330127018922193,12,0.0,0.0,0.0,12,0.16333333333333333,0.006622222222222222,0.08137703743822469,12,,,,0,,,,0,,,,0
run,run_20260411_214609_032b2a0_dirty,baseline_architecture_benchmark,multi_agent_llm_game_benchmark_mock,mock-deterministic,structured_reasoning_v1,blotto_vs_bots,blotto,discrete_blotto_v1,hierarchical,Hierarchical Team,12,1,0.25,0.1875,0.4330127018922193,12,0.0,0.0,0.0,12,0.16333333333333333,0.006622222222222222,0.08137703743822469,12,,,,0,,,,0,,,,0
run,run_20260410_163635_8bf1db5_dirty,baseline_architecture_benchmark,multi_agent_llm_game_benchmark_mock,mock-deterministic,,blotto_vs_bots,blotto,blotto,hierarchical_team,Hierarchical Team,6,1,0.5833333333333334,0.11805555555555555,0.3435921354681384,6,0.0,0.0,0.0,6,,,,0,,,,0,,,,0,,,,0
run,run_20260411_213908_032b2a0_dirty,baseline_architecture_benchmark,multi_agent_llm_game_benchmark_mock,mock-deterministic,structured_reasoning_v1,blotto_vs_bots,blotto,discrete_blotto_v1,parallel,Parallel Team,12,1,0.4166666666666667,0.24305555555555555,0.4930066485916347,12,0.0,0.0,0.0,12,0.15916666666666668,0.003557638888888889,0.05964594612284131,12,,,,0,,,,0,,,,0
run,run_20260411_214117_032b2a0_dirty,baseline_architecture_benchmark,multi_agent_llm_game_benchmark_mock,mock-deterministic,structured_reasoning_v1,blotto_vs_bots,blotto,discrete_blotto_v1,parallel,Parallel Team,12,1,0.4166666666666667,0.24305555555555555,0.4930066485916347,12,0.0,0.0,0.0,12,0.15916666666666668,0.003557638888888889,0.05964594612284131,12,,,,0,,,,0,,,,0
run,run_20260411_214609_032b2a0_dirty,baseline_architecture_benchmark,multi_agent_llm_game_benchmark_mock,mock-deterministic,structured_reasoning_v1,blotto_vs_bots,blotto,discrete_blotto_v1,parallel,Parallel Team,12,1,0.4166666666666667,0.24305555555555555,0.4930066485916347,12,0.0,0.0,0.0,12,0.15916666666666668,0.003557638888888889,0.05964594612284131,12,,,,0,,,,0,,,,0
run,run_20260410_163635_8bf1db5_dirty,baseline_architecture_benchmark,multi_agent_llm_game_benchmark_mock,mock-deterministic,,blotto_vs_bots,blotto,blotto,parallel_team,Parallel Team,6,1,0.5833333333333334,0.11805555555555555,0.3435921354681384,6,0.0,0.0,0.0,6,,,,0,,,,0,,,,0,,,,0
run,run_20260410_163635_8bf1db5_dirty,baseline_architecture_benchmark,multi_agent_llm_game_benchmark_mock,mock-deterministic,,blotto_vs_bots,blotto,blotto,random_bot,Random Bot,9,1,0.2222222222222222,0.1728395061728395,0.41573970964154905,9,0.0,0.0,0.0,9,,,,0,,,,0,,,,0,,,,0
run,run_20260411_213908_032b2a0_dirty,baseline_architecture_benchmark,multi_agent_llm_game_benchmark_mock,mock-deterministic,structured_reasoning_v1,blotto_vs_bots,blotto,discrete_blotto_v1,single,Single Agent,12,1,0.16666666666666666,0.1388888888888889,0.37267799624996495,12,0.0,0.0,0.0,12,0.14166666666666666,0.006813888888888889,0.08254628331359862,12,,,,0,,,,0,,,,0
run,run_20260411_214117_032b2a0_dirty,baseline_architecture_benchmark,multi_agent_llm_game_benchmark_mock,mock-deterministic,structured_reasoning_v1,blotto_vs_bots,blotto,discrete_blotto_v1,single,Single Agent,12,1,0.16666666666666666,0.1388888888888889,0.37267799624996495,12,0.0,0.0,0.0,12,0.14166666666666666,0.006813888888888889,0.08254628331359862,12,,,,0,,,,0,,,,0
run,run_20260411_214609_032b2a0_dirty,baseline_architecture_benchmark,multi_agent_llm_game_benchmark_mock,mock-deterministic,structured_reasoning_v1,blotto_vs_bots,blotto,discrete_blotto_v1,single,Single Agent,12,1,0.16666666666666666,0.1388888888888889,0.37267799624996495,12,0.0,0.0,0.0,12,0.14166666666666666,0.006813888888888889,0.08254628331359862,12,,,,0,,,,0,,,,0
run,run_20260410_163635_8bf1db5_dirty,baseline_architecture_benchmark,multi_agent_llm_game_benchmark_mock,mock-deterministic,,blotto_vs_bots,blotto,blotto,single_agent,Single Agent,6,1,0.75,0.0625,0.25,6,0.0,0.0,0.0,6,,,,0,,,,0,,,,0,,,,0
run,run_20260410_163635_8bf1db5_dirty,baseline_architecture_benchmark,multi_agent_llm_game_benchmark_mock,mock-deterministic,,blotto_vs_bots,blotto,blotto,uniform_bot,Uniform Bot,9,1,0.5,0.0,0.0,9,0.0,0.0,0.0,9,,,,0,,,,0,,,,0,,,,0
run,run_20260411_213908_032b2a0_dirty,baseline_architecture_benchmark,multi_agent_llm_game_benchmark_mock,mock-deterministic,structured_reasoning_v1,connect4_oracle_accuracy,connect4,gravity_grid_standard_v1,hierarchical,Hierarchical Team,3,1,0.0,0.0,0.0,3,0.0,0.0,0.0,3,,,,0,20.0,0.0,0.0,3,20010.8,0.0,0.0,3,0.8,0.0,0.0,3
run,run_20260411_214117_032b2a0_dirty,baseline_architecture_benchmark,multi_agent_llm_game_benchmark_mock,mock-deterministic,structured_reasoning_v1,connect4_oracle_accuracy,connect4,gravity_grid_standard_v1,hierarchical,Hierarchical Team,3,1,0.0,0.0,0.0,3,0.0,0.0,0.0,3,,,,0,20.0,0.0,0.0,3,20010.8,0.0,0.0,3,0.8,0.0,0.0,3
run,run_20260411_214609_032b2a0_dirty,baseline_architecture_benchmark,multi_agent_llm_game_benchmark_mock,mock-deterministic,structured_reasoning_v1,connect4_oracle_accuracy,connect4,gravity_grid_standard_v1,hierarchical,Hierarchical Team,3,1,0.0,0.0,0.0,3,0.0,0.0,0.0,3,,,,0,20.0,0.0,0.0,3,20010.8,0.0,0.0,3,0.8,0.0,0.0,3
run,run_20260410_163635_8bf1db5_dirty,baseline_architecture_benchmark,multi_agent_llm_game_benchmark_mock,mock-deterministic,,connect4_oracle_accuracy,connect4,connect4,hierarchical_team,Hierarchical Team,3,1,0.0,0.0,0.0,3,0.0,0.0,0.0,3,,,,0,90.91,0.0,0.0,3,,,,0,0.0,0.0,0.0,3
run,run_20260411_213908_032b2a0_dirty,baseline_architecture_benchmark,multi_agent_llm_game_benchmark_mock,mock-deterministic,structured_reasoning_v1,connect4_oracle_accuracy,connect4,gravity_grid_standard_v1,parallel,Parallel Team,3,1,0.0,0.0,0.0,3,0.0,0.0,0.0,3,,,,0,20.0,0.0,0.0,3,20010.8,0.0,0.0,3,0.8,0.0,0.0,3
run,run_20260411_214117_032b2a0_dirty,baseline_architecture_benchmark,multi_agent_llm_game_benchmark_mock,mock-deterministic,structured_reasoning_v1,connect4_oracle_accuracy,connect4,gravity_grid_standard_v1,parallel,Parallel Team,3,1,0.0,0.0,0.0,3,0.0,0.0,0.0,3,,,,0,20.0,0.0,0.0,3,20010.8,0.0,0.0,3,0.8,0.0,0.0,3
run,run_20260411_214609_032b2a0_dirty,baseline_architecture_benchmark,multi_agent_llm_game_benchmark_mock,mock-deterministic,structured_reasoning_v1,connect4_oracle_accuracy,connect4,gravity_grid_standard_v1,parallel,Parallel Team,3,1,0.0,0.0,0.0,3,0.0,0.0,0.0,3,,,,0,20.0,0.0,0.0,3,20010.8,0.0,0.0,3,0.8,0.0,0.0,3
run,run_20260410_163635_8bf1db5_dirty,baseline_architecture_benchmark,multi_agent_llm_game_benchmark_mock,mock-deterministic,,connect4_oracle_accuracy,connect4,connect4,parallel_team,Parallel Team,3,1,0.0,0.0,0.0,3,0.0,0.0,0.0,3,,,,0,90.91,0.0,0.0,3,,,,0,0.0,0.0,0.0,3
run,run_20260411_213908_032b2a0_dirty,baseline_architecture_benchmark,multi_agent_llm_game_benchmark_mock,mock-deterministic,structured_reasoning_v1,connect4_oracle_accuracy,connect4,gravity_grid_standard_v1,single,Single Agent,3,1,0.0,0.0,0.0,3,0.0,0.0,0.0,3,,,,0,20.0,0.0,0.0,3,20010.8,0.0,0.0,3,0.8,0.0,0.0,3
run,run_20260411_214117_032b2a0_dirty,baseline_architecture_benchmark,multi_agent_llm_game_benchmark_mock,mock-deterministic,structured_reasoning_v1,connect4_oracle_accuracy,connect4,gravity_grid_standard_v1,single,Single Agent,3,1,0.0,0.0,0.0,3,0.0,0.0,0.0,3,,,,0,20.0,0.0,0.0,3,20010.8,0.0,0.0,3,0.8,0.0,0.0,3
run,run_20260411_214609_032b2a0_dirty,baseline_architecture_benchmark,multi_agent_llm_game_benchmark_mock,mock-deterministic,structured_reasoning_v1,connect4_oracle_accuracy,connect4,gravity_grid_standard_v1,single,Single Agent,3,1,0.0,0.0,0.0,3,0.0,0.0,0.0,3,,,,0,20.0,0.0,0.0,3,20010.8,0.0,0.0,3,0.8,0.0,0.0,3
run,run_20260410_163635_8bf1db5_dirty,baseline_architecture_benchmark,multi_agent_llm_game_benchmark_mock,mock-deterministic,,connect4_oracle_accuracy,connect4,connect4,single_agent,Single Agent,3,1,0.0,0.0,0.0,3,0.0,0.0,0.0,3,,,,0,90.91,0.0,0.0,3,,,,0,0.0,0.0,0.0,3
run,run_20260411_213908_032b2a0_dirty,baseline_architecture_benchmark,multi_agent_llm_game_benchmark_mock,mock-deterministic,structured_reasoning_v1,internal_ai_tournament,blotto,discrete_blotto_v1,hierarchical,Hierarchical Team,6,1,0.5,0.0,0.0,6,0.0,0.0,0.0,6,0.12666666666666668,0.003255555555555556,0.0570574758954123,6,,,,0,,,,0,,,,0
run,run_20260411_214117_032b2a0_dirty,baseline_architecture_benchmark,multi_agent_llm_game_benchmark_mock,mock-deterministic,structured_reasoning_v1,internal_ai_tournament,blotto,discrete_blotto_v1,hierarchical,Hierarchical Team,6,1,0.5,0.0,0.0,6,0.0,0.0,0.0,6,0.12666666666666668,0.003255555555555556,0.0570574758954123,6,,,,0,,,,0,,,,0
run,run_20260411_214609_032b2a0_dirty,baseline_architecture_benchmark,multi_agent_llm_game_benchmark_mock,mock-deterministic,structured_reasoning_v1,internal_ai_tournament,blotto,discrete_blotto_v1,hierarchical,Hierarchical Team,6,1,0.5,0.0,0.0,6,0.0,0.0,0.0,6,0.12666666666666668,0.003255555555555556,0.0570574758954123,6,,,,0,,,,0,,,,0
run,run_20260410_163635_8bf1db5_dirty,baseline_architecture_benchmark,multi_agent_llm_game_benchmark_mock,mock-deterministic,,internal_ai_tournament,blotto,blotto,hierarchical_team,Hierarchical Team,6,1,0.5,0.0,0.0,6,0.0,0.0,0.0,6,,,,0,,,,0,,,,0,,,,0
run,run_20260411_213908_032b2a0_dirty,baseline_architecture_benchmark,multi_agent_llm_game_benchmark_mock,mock-deterministic,structured_reasoning_v1,internal_ai_tournament,blotto,discrete_blotto_v1,parallel,Parallel Team,6,1,0.5,0.0,0.0,6,0.0,0.0,0.0,6,0.125,0.004525,0.06726812023536856,6,,,,0,,,,0,,,,0
run,run_20260411_214117_032b2a0_dirty,baseline_architecture_benchmark,multi_agent_llm_game_benchmark_mock,mock-deterministic,structured_reasoning_v1,internal_ai_tournament,blotto,discrete_blotto_v1,parallel,Parallel Team,6,1,0.5,0.0,0.0,6,0.0,0.0,0.0,6,0.125,0.004525,0.06726812023536856,6,,,,0,,,,0,,,,0
run,run_20260411_214609_032b2a0_dirty,baseline_architecture_benchmark,multi_agent_llm_game_benchmark_mock,mock-deterministic,structured_reasoning_v1,internal_ai_tournament,blotto,discrete_blotto_v1,parallel,Parallel Team,6,1,0.5,0.0,0.0,6,0.0,0.0,0.0,6,0.125,0.004525,0.06726812023536856,6,,,,0,,,,0,,,,0
run,run_20260410_163635_8bf1db5_dirty,baseline_architecture_benchmark,multi_agent_llm_game_benchmark_mock,mock-deterministic,,internal_ai_tournament,blotto,blotto,parallel_team,Parallel Team,6,1,0.5,0.0,0.0,6,0.0,0.0,0.0,6,,,,0,,,,0,,,,0,,,,0
run,run_20260411_213908_032b2a0_dirty,baseline_architecture_benchmark,multi_agent_llm_game_benchmark_mock,mock-deterministic,structured_reasoning_v1,internal_ai_tournament,blotto,discrete_blotto_v1,single,Single Agent,6,1,0.5,0.0,0.0,6,0.0,0.0,0.0,6,0.14833333333333334,0.0024138888888888886,0.04913134324327891,6,,,,0,,,,0,,,,0
run,run_20260411_214117_032b2a0_dirty,baseline_architecture_benchmark,multi_agent_llm_game_benchmark_mock,mock-deterministic,structured_reasoning_v1,internal_ai_tournament,blotto,discrete_blotto_v1,single,Single Agent,6,1,0.5,0.0,0.0,6,0.0,0.0,0.0,6,0.14833333333333334,0.0024138888888888886,0.04913134324327891,6,,,,0,,,,0,,,,0
run,run_20260411_214609_032b2a0_dirty,baseline_architecture_benchmark,multi_agent_llm_game_benchmark_mock,mock-deterministic,structured_reasoning_v1,internal_ai_tournament,blotto,discrete_blotto_v1,single,Single Agent,6,1,0.5,0.0,0.0,6,0.0,0.0,0.0,6,0.14833333333333334,0.0024138888888888886,0.04913134324327891,6,,,,0,,,,0,,,,0
run,run_20260410_163635_8bf1db5_dirty,baseline_architecture_benchmark,multi_agent_llm_game_benchmark_mock,mock-deterministic,,internal_ai_tournament,blotto,blotto,single_agent,Single Agent,6,1,0.5,0.0,0.0,6,0.0,0.0,0.0,6,,,,0,,,,0,,,,0,,,,0
run,run_20260411_213908_032b2a0_dirty,baseline_architecture_benchmark,multi_agent_llm_game_benchmark_mock,mock-deterministic,structured_reasoning_v1,internal_ai_tournament,connect4,gravity_grid_standard_v1,hierarchical,Hierarchical Team,6,1,0.0,0.0,0.0,6,0.0,0.0,0.0,6,,,,0,,,,0,,,,0,,,,0
run,run_20260411_214117_032b2a0_dirty,baseline_architecture_benchmark,multi_agent_llm_game_benchmark_mock,mock-deterministic,structured_reasoning_v1,internal_ai_tournament,connect4,gravity_grid_standard_v1,hierarchical,Hierarchical Team,6,1,0.0,0.0,0.0,6,0.0,0.0,0.0,6,,,,0,,,,0,,,,0,,,,0
run,run_20260411_214609_032b2a0_dirty,baseline_architecture_benchmark,multi_agent_llm_game_benchmark_mock,mock-deterministic,structured_reasoning_v1,internal_ai_tournament,connect4,gravity_grid_standard_v1,hierarchical,Hierarchical Team,6,1,0.0,0.0,0.0,6,0.0,0.0,0.0,6,,,,0,,,,0,,,,0,,,,0
run,run_20260410_163635_8bf1db5_dirty,baseline_architecture_benchmark,multi_agent_llm_game_benchmark_mock,mock-deterministic,,internal_ai_tournament,connect4,connect4,hierarchical_team,Hierarchical Team,6,1,0.0,0.0,0.0,6,0.0,0.0,0.0,6,,,,0,,,,0,,,,0,,,,0
run,run_20260411_213908_032b2a0_dirty,baseline_architecture_benchmark,multi_agent_llm_game_benchmark_mock,mock-deterministic,structured_reasoning_v1,internal_ai_tournament,connect4,gravity_grid_standard_v1,parallel,Parallel Team,6,1,0.5,0.25,0.5,6,0.0,0.0,0.0,6,,,,0,,,,0,,,,0,,,,0
run,run_20260411_214117_032b2a0_dirty,baseline_architecture_benchmark,multi_agent_llm_game_benchmark_mock,mock-deterministic,structured_reasoning_v1,internal_ai_tournament,connect4,gravity_grid_standard_v1,parallel,Parallel Team,6,1,0.5,0.25,0.5,6,0.0,0.0,0.0,6,,,,0,,,,0,,,,0,,,,0
run,run_20260411_214609_032b2a0_dirty,baseline_architecture_benchmark,multi_agent_llm_game_benchmark_mock,mock-deterministic,structured_reasoning_v1,internal_ai_tournament,connect4,gravity_grid_standard_v1,parallel,Parallel Team,6,1,0.5,0.25,0.5,6,0.0,0.0,0.0,6,,,,0,,,,0,,,,0,,,,0
run,run_20260410_163635_8bf1db5_dirty,baseline_architecture_benchmark,multi_agent_llm_game_benchmark_mock,mock-deterministic,,internal_ai_tournament,connect4,connect4,parallel_team,Parallel Team,6,1,0.5,0.25,0.5,6,0.0,0.0,0.0,6,,,,0,,,,0,,,,0,,,,0
run,run_20260411_213908_032b2a0_dirty,baseline_architecture_benchmark,multi_agent_llm_game_benchmark_mock,mock-deterministic,structured_reasoning_v1,internal_ai_tournament,connect4,gravity_grid_standard_v1,single,Single Agent,6,1,1.0,0.0,0.0,6,0.0,0.0,0.0,6,,,,0,,,,0,,,,0,,,,0
run,run_20260411_214117_032b2a0_dirty,baseline_architecture_benchmark,multi_agent_llm_game_benchmark_mock,mock-deterministic,structured_reasoning_v1,internal_ai_tournament,connect4,gravity_grid_standard_v1,single,Single Agent,6,1,1.0,0.0,0.0,6,0.0,0.0,0.0,6,,,,0,,,,0,,,,0,,,,0
run,run_20260411_214609_032b2a0_dirty,baseline_architecture_benchmark,multi_agent_llm_game_benchmark_mock,mock-deterministic,structured_reasoning_v1,internal_ai_tournament,connect4,gravity_grid_standard_v1,single,Single Agent,6,1,1.0,0.0,0.0,6,0.0,0.0,0.0,6,,,,0,,,,0,,,,0,,,,0
run,run_20260410_163635_8bf1db5_dirty,baseline_architecture_benchmark,multi_agent_llm_game_benchmark_mock,mock-deterministic,,internal_ai_tournament,connect4,connect4,single_agent,Single Agent,6,1,1.0,0.0,0.0,6,0.0,0.0,0.0,6,,,,0,,,,0,,,,0,,,,0
run,run_20260410_164934_8bf1db5_dirty,blotto_section6_smoke,blotto_section6_smoke,mock-deterministic,,blotto_vs_bots,blotto,discrete_blotto_v1,hierarchical,Hierarchical Team,4,1,0.25,0.1875,0.4330127018922193,4,0.0,0.0,0.0,4,0.24,0.0014499999999999995,0.038078865529319536,4,,,,0,,,,0,,,,0
run,run_20260410_164934_8bf1db5_dirty,blotto_section6_smoke,blotto_section6_smoke,mock-deterministic,,blotto_vs_bots,blotto,discrete_blotto_v1,parallel,Parallel Team,4,1,0.25,0.1875,0.4330127018922193,4,0.0,0.0,0.0,4,0.1525,0.0037687500000000004,0.06139014578904338,4,,,,0,,,,0,,,,0
run,run_20260410_164934_8bf1db5_dirty,blotto_section6_smoke,blotto_section6_smoke,mock-deterministic,,blotto_vs_bots,blotto,discrete_blotto_v1,single,Single Agent,4,1,0.25,0.1875,0.4330127018922193,4,0.0,0.0,0.0,4,0.1425,0.004368749999999999,0.06609652033201142,4,,,,0,,,,0,,,,0
run,run_20260410_165258_8bf1db5_dirty,connect4_section7_smoke,connect4_section7_smoke,mock-deterministic,,connect4_oracle_accuracy,connect4,gravity_grid_standard_v1,hierarchical,Hierarchical Team,1,1,0.0,0.0,0.0,1,0.0,0.0,0.0,1,,,,0,20.0,0.0,0.0,1,20010.8,0.0,0.0,1,0.8,0.0,0.0,1
run,run_20260410_165333_8bf1db5_dirty,connect4_section7_smoke,connect4_section7_smoke,mock-deterministic,,connect4_oracle_accuracy,connect4,gravity_grid_standard_v1,hierarchical,Hierarchical Team,1,1,0.0,0.0,0.0,1,0.0,0.0,0.0,1,,,,0,20.0,0.0,0.0,1,20010.8,0.0,0.0,1,0.8,0.0,0.0,1
run,run_20260410_165258_8bf1db5_dirty,connect4_section7_smoke,connect4_section7_smoke,mock-deterministic,,connect4_oracle_accuracy,connect4,gravity_grid_standard_v1,parallel,Parallel Team,1,1,0.0,0.0,0.0,1,0.0,0.0,0.0,1,,,,0,20.0,0.0,0.0,1,20010.8,0.0,0.0,1,0.8,0.0,0.0,1
run,run_20260410_165333_8bf1db5_dirty,connect4_section7_smoke,connect4_section7_smoke,mock-deterministic,,connect4_oracle_accuracy,connect4,gravity_grid_standard_v1,parallel,Parallel Team,1,1,0.0,0.0,0.0,1,0.0,0.0,0.0,1,,,,0,20.0,0.0,0.0,1,20010.8,0.0,0.0,1,0.8,0.0,0.0,1
run,run_20260410_165258_8bf1db5_dirty,connect4_section7_smoke,connect4_section7_smoke,mock-deterministic,,connect4_oracle_accuracy,connect4,gravity_grid_standard_v1,single,Single Agent,1,1,0.0,0.0,0.0,1,0.0,0.0,0.0,1,,,,0,20.0,0.0,0.0,1,20010.8,0.0,0.0,1,0.8,0.0,0.0,1
run,run_20260410_165333_8bf1db5_dirty,connect4_section7_smoke,connect4_section7_smoke,mock-deterministic,,connect4_oracle_accuracy,connect4,gravity_grid_standard_v1,single,Single Agent,1,1,0.0,0.0,0.0,1,0.0,0.0,0.0,1,,,,0,20.0,0.0,0.0,1,20010.8,0.0,0.0,1,0.8,0.0,0.0,1
run,run_20260410_173140_8bf1db5_dirty,difficulty_blotto_harder,multi_agent_llm_game_benchmark_mock,mock-deterministic,structured_reasoning_v1,blotto_vs_bots,blotto,discrete_blotto_harder_v1,hierarchical,Hierarchical Team,40,1,0.4,0.1775,0.4213074886588179,40,0.0,0.0,0.0,40,0.16233333333333333,0.0041856666666666665,0.06469672840775387,40,,,,0,,,,0,,,,0
run,run_20260410_173140_8bf1db5_dirty,difficulty_blotto_harder,multi_agent_llm_game_benchmark_mock,mock-deterministic,structured_reasoning_v1,blotto_vs_bots,blotto,discrete_blotto_harder_v1,parallel,Parallel Team,40,1,0.325,0.156875,0.39607448794387146,40,0.0,0.0,0.0,40,0.1605,0.0031230833333333336,0.05588455362023869,40,,,,0,,,,0,,,,0
run,run_20260410_173140_8bf1db5_dirty,difficulty_blotto_harder,multi_agent_llm_game_benchmark_mock,mock-deterministic,structured_reasoning_v1,blotto_vs_bots,blotto,discrete_blotto_harder_v1,single,Single Agent,40,1,0.45,0.185,0.4301162633521313,40,0.0,0.0,0.0,40,0.149,0.003447888888888889,0.058718726901124896,40,,,,0,,,,0,,,,0
run,run_20260410_173140_8bf1db5_dirty,difficulty_blotto_harder,multi_agent_llm_game_benchmark_mock,mock-deterministic,structured_reasoning_v1,internal_ai_tournament,blotto,discrete_blotto_harder_v1,hierarchical,Hierarchical Team,20,1,0.5,0.0,0.0,20,0.0,0.0,0.0,20,0.16733333333333333,0.003577333333333334,0.059810812846285026,20,,,,0,,,,0,,,,0
run,run_20260410_173140_8bf1db5_dirty,difficulty_blotto_harder,multi_agent_llm_game_benchmark_mock,mock-deterministic,structured_reasoning_v1,internal_ai_tournament,blotto,discrete_blotto_harder_v1,parallel,Parallel Team,20,1,0.5,0.0,0.0,20,0.0,0.0,0.0,20,0.15533333333333332,0.0026271111111111113,0.0512553520240678,20,,,,0,,,,0,,,,0
run,run_20260410_173140_8bf1db5_dirty,difficulty_blotto_harder,multi_agent_llm_game_benchmark_mock,mock-deterministic,structured_reasoning_v1,internal_ai_tournament,blotto,discrete_blotto_harder_v1,single,Single Agent,20,1,0.5,0.0,0.0,20,0.0,0.0,0.0,20,0.18466666666666667,0.0015071111111111114,0.038821528964108454,20,,,,0,,,,0,,,,0
run,run_20260410_173141_8bf1db5_dirty,difficulty_connect4_wide,multi_agent_llm_game_benchmark_mock,mock-deterministic,structured_reasoning_v1,connect4_oracle_accuracy,connect4,gravity_grid_wide_v1,hierarchical,Hierarchical Team,10,1,0.0,0.0,0.0,10,0.0,0.0,0.0,10,,,,0,20.0,0.0,0.0,10,20004.0,0.0,0.0,10,0.8,0.0,0.0,10
run,run_20260410_173141_8bf1db5_dirty,difficulty_connect4_wide,multi_agent_llm_game_benchmark_mock,mock-deterministic,structured_reasoning_v1,connect4_oracle_accuracy,connect4,gravity_grid_wide_v1,parallel,Parallel Team,10,1,0.0,0.0,0.0,10,0.0,0.0,0.0,10,,,,0,20.0,0.0,0.0,10,20004.0,0.0,0.0,10,0.8,0.0,0.0,10
run,run_20260410_173141_8bf1db5_dirty,difficulty_connect4_wide,multi_agent_llm_game_benchmark_mock,mock-deterministic,structured_reasoning_v1,connect4_oracle_accuracy,connect4,gravity_grid_wide_v1,single,Single Agent,10,1,0.0,0.0,0.0,10,0.0,0.0,0.0,10,,,,0,20.0,0.0,0.0,10,20004.0,0.0,0.0,10,0.8,0.0,0.0,10
run,run_20260410_173141_8bf1db5_dirty,difficulty_connect4_wide,multi_agent_llm_game_benchmark_mock,mock-deterministic,structured_reasoning_v1,internal_ai_tournament,connect4,gravity_grid_wide_v1,hierarchical,Hierarchical Team,20,1,0.0,0.0,0.0,20,0.0,0.0,0.0,20,,,,0,,,,0,,,,0,,,,0
run,run_20260410_173141_8bf1db5_dirty,difficulty_connect4_wide,multi_agent_llm_game_benchmark_mock,mock-deterministic,structured_reasoning_v1,internal_ai_tournament,connect4,gravity_grid_wide_v1,parallel,Parallel Team,20,1,0.5,0.25,0.5,20,0.0,0.0,0.0,20,,,,0,,,,0,,,,0,,,,0
run,run_20260410_173141_8bf1db5_dirty,difficulty_connect4_wide,multi_agent_llm_game_benchmark_mock,mock-deterministic,structured_reasoning_v1,internal_ai_tournament,connect4,gravity_grid_wide_v1,single,Single Agent,20,1,1.0,0.0,0.0,20,0.0,0.0,0.0,20,,,,0,,,,0,,,,0,,,,0
run,run_20260410_172920_8bf1db5_dirty,final_architecture_comparison,multi_agent_llm_game_benchmark_mock,mock-deterministic,structured_reasoning_v1,blotto_vs_bots,blotto,discrete_blotto_v1,hierarchical,Hierarchical Team,40,1,0.35,0.2275,0.47696960070847283,40,0.0,0.0,0.0,40,0.15625,0.0054984375,0.07415144974981945,40,,,,0,,,,0,,,,0
run,run_20260410_172948_8bf1db5_dirty,final_architecture_comparison,multi_agent_llm_game_benchmark_mock,mock-deterministic,structured_reasoning_v1,blotto_vs_bots,blotto,discrete_blotto_v1,hierarchical,Hierarchical Team,40,1,0.35,0.2275,0.47696960070847283,40,0.0,0.0,0.0,40,0.15625,0.0054984375,0.07415144974981945,40,,,,0,,,,0,,,,0
run,run_20260410_173224_8bf1db5_dirty,final_architecture_comparison,multi_agent_llm_game_benchmark_mock,mock-deterministic,structured_reasoning_v1,blotto_vs_bots,blotto,discrete_blotto_v1,hierarchical,Hierarchical Team,40,1,0.35,0.2275,0.47696960070847283,40,0.0,0.0,0.0,40,0.15625,0.0054984375,0.07415144974981945,40,,,,0,,,,0,,,,0
run,run_20260410_172920_8bf1db5_dirty,final_architecture_comparison,multi_agent_llm_game_benchmark_mock,mock-deterministic,structured_reasoning_v1,blotto_vs_bots,blotto,discrete_blotto_v1,parallel,Parallel Team,40,1,0.525,0.249375,0.4993746088859545,40,0.0,0.0,0.0,40,0.15575,0.0041794375,0.06464856920303805,40,,,,0,,,,0,,,,0
run,run_20260410_172948_8bf1db5_dirty,final_architecture_comparison,multi_agent_llm_game_benchmark_mock,mock-deterministic,structured_reasoning_v1,blotto_vs_bots,blotto,discrete_blotto_v1,parallel,Parallel Team,40,1,0.525,0.249375,0.4993746088859545,40,0.0,0.0,0.0,40,0.15575,0.0041794375,0.06464856920303805,40,,,,0,,,,0,,,,0
run,run_20260410_173224_8bf1db5_dirty,final_architecture_comparison,multi_agent_llm_game_benchmark_mock,mock-deterministic,structured_reasoning_v1,blotto_vs_bots,blotto,discrete_blotto_v1,parallel,Parallel Team,40,1,0.525,0.249375,0.4993746088859545,40,0.0,0.0,0.0,40,0.15575,0.0041794375,0.06464856920303805,40,,,,0,,,,0,,,,0
run,run_20260410_172920_8bf1db5_dirty,final_architecture_comparison,multi_agent_llm_game_benchmark_mock,mock-deterministic,structured_reasoning_v1,blotto_vs_bots,blotto,discrete_blotto_v1,single,Single Agent,40,1,0.3,0.1975,0.44440972086577946,40,0.0,0.0,0.0,40,0.13925,0.0044769375,0.06690992078907283,40,,,,0,,,,0,,,,0
run,run_20260410_172948_8bf1db5_dirty,final_architecture_comparison,multi_agent_llm_game_benchmark_mock,mock-deterministic,structured_reasoning_v1,blotto_vs_bots,blotto,discrete_blotto_v1,single,Single Agent,40,1,0.3,0.1975,0.44440972086577946,40,0.0,0.0,0.0,40,0.13925,0.0044769375,0.06690992078907283,40,,,,0,,,,0,,,,0
run,run_20260410_173224_8bf1db5_dirty,final_architecture_comparison,multi_agent_llm_game_benchmark_mock,mock-deterministic,structured_reasoning_v1,blotto_vs_bots,blotto,discrete_blotto_v1,single,Single Agent,40,1,0.3,0.1975,0.44440972086577946,40,0.0,0.0,0.0,40,0.13925,0.0044769375,0.06690992078907283,40,,,,0,,,,0,,,,0
run,run_20260410_172920_8bf1db5_dirty,final_architecture_comparison,multi_agent_llm_game_benchmark_mock,mock-deterministic,structured_reasoning_v1,connect4_oracle_accuracy,connect4,gravity_grid_standard_v1,hierarchical,Hierarchical Team,10,1,0.0,0.0,0.0,10,0.0,0.0,0.0,10,,,,0,20.0,0.0,0.0,10,20010.8,0.0,0.0,10,0.8,0.0,0.0,10
run,run_20260410_172948_8bf1db5_dirty,final_architecture_comparison,multi_agent_llm_game_benchmark_mock,mock-deterministic,structured_reasoning_v1,connect4_oracle_accuracy,connect4,gravity_grid_standard_v1,hierarchical,Hierarchical Team,10,1,0.0,0.0,0.0,10,0.0,0.0,0.0,10,,,,0,20.0,0.0,0.0,10,20010.8,0.0,0.0,10,0.8,0.0,0.0,10
run,run_20260410_173224_8bf1db5_dirty,final_architecture_comparison,multi_agent_llm_game_benchmark_mock,mock-deterministic,structured_reasoning_v1,connect4_oracle_accuracy,connect4,gravity_grid_standard_v1,hierarchical,Hierarchical Team,10,1,0.0,0.0,0.0,10,0.0,0.0,0.0,10,,,,0,20.0,0.0,0.0,10,20010.8,0.0,0.0,10,0.8,0.0,0.0,10
run,run_20260410_172920_8bf1db5_dirty,final_architecture_comparison,multi_agent_llm_game_benchmark_mock,mock-deterministic,structured_reasoning_v1,connect4_oracle_accuracy,connect4,gravity_grid_standard_v1,parallel,Parallel Team,10,1,0.0,0.0,0.0,10,0.0,0.0,0.0,10,,,,0,20.0,0.0,0.0,10,20010.8,0.0,0.0,10,0.8,0.0,0.0,10
run,run_20260410_172948_8bf1db5_dirty,final_architecture_comparison,multi_agent_llm_game_benchmark_mock,mock-deterministic,structured_reasoning_v1,connect4_oracle_accuracy,connect4,gravity_grid_standard_v1,parallel,Parallel Team,10,1,0.0,0.0,0.0,10,0.0,0.0,0.0,10,,,,0,20.0,0.0,0.0,10,20010.8,0.0,0.0,10,0.8,0.0,0.0,10
run,run_20260410_173224_8bf1db5_dirty,final_architecture_comparison,multi_agent_llm_game_benchmark_mock,mock-deterministic,structured_reasoning_v1,connect4_oracle_accuracy,connect4,gravity_grid_standard_v1,parallel,Parallel Team,10,1,0.0,0.0,0.0,10,0.0,0.0,0.0,10,,,,0,20.0,0.0,0.0,10,20010.8,0.0,0.0,10,0.8,0.0,0.0,10
run,run_20260410_172920_8bf1db5_dirty,final_architecture_comparison,multi_agent_llm_game_benchmark_mock,mock-deterministic,structured_reasoning_v1,connect4_oracle_accuracy,connect4,gravity_grid_standard_v1,single,Single Agent,10,1,0.0,0.0,0.0,10,0.0,0.0,0.0,10,,,,0,20.0,0.0,0.0,10,20010.8,0.0,0.0,10,0.8,0.0,0.0,10
run,run_20260410_172948_8bf1db5_dirty,final_architecture_comparison,multi_agent_llm_game_benchmark_mock,mock-deterministic,structured_reasoning_v1,connect4_oracle_accuracy,connect4,gravity_grid_standard_v1,single,Single Agent,10,1,0.0,0.0,0.0,10,0.0,0.0,0.0,10,,,,0,20.0,0.0,0.0,10,20010.8,0.0,0.0,10,0.8,0.0,0.0,10
run,run_20260410_173224_8bf1db5_dirty,final_architecture_comparison,multi_agent_llm_game_benchmark_mock,mock-deterministic,structured_reasoning_v1,connect4_oracle_accuracy,connect4,gravity_grid_standard_v1,single,Single Agent,10,1,0.0,0.0,0.0,10,0.0,0.0,0.0,10,,,,0,20.0,0.0,0.0,10,20010.8,0.0,0.0,10,0.8,0.0,0.0,10
run,run_20260410_172920_8bf1db5_dirty,final_architecture_comparison,multi_agent_llm_game_benchmark_mock,mock-deterministic,structured_reasoning_v1,internal_ai_tournament,blotto,discrete_blotto_v1,hierarchical,Hierarchical Team,20,1,0.5,0.0,0.0,20,0.0,0.0,0.0,20,0.1295,0.00296475,0.05444951790420187,20,,,,0,,,,0,,,,0
run,run_20260410_172948_8bf1db5_dirty,final_architecture_comparison,multi_agent_llm_game_benchmark_mock,mock-deterministic,structured_reasoning_v1,internal_ai_tournament,blotto,discrete_blotto_v1,hierarchical,Hierarchical Team,20,1,0.5,0.0,0.0,20,0.0,0.0,0.0,20,0.1295,0.00296475,0.05444951790420187,20,,,,0,,,,0,,,,0
run,run_20260410_173224_8bf1db5_dirty,final_architecture_comparison,multi_agent_llm_game_benchmark_mock,mock-deterministic,structured_reasoning_v1,internal_ai_tournament,blotto,discrete_blotto_v1,hierarchical,Hierarchical Team,20,1,0.5,0.0,0.0,20,0.0,0.0,0.0,20,0.1295,0.00296475,0.05444951790420187,20,,,,0,,,,0,,,,0
run,run_20260410_172920_8bf1db5_dirty,final_architecture_comparison,multi_agent_llm_game_benchmark_mock,mock-deterministic,structured_reasoning_v1,internal_ai_tournament,blotto,discrete_blotto_v1,parallel,Parallel Team,20,1,0.5,0.0,0.0,20,0.0,0.0,0.0,20,0.128,0.003506,0.05921148537234985,20,,,,0,,,,0,,,,0
run,run_20260410_172948_8bf1db5_dirty,final_architecture_comparison,multi_agent_llm_game_benchmark_mock,mock-deterministic,structured_reasoning_v1,internal_ai_tournament,blotto,discrete_blotto_v1,parallel,Parallel Team,20,1,0.5,0.0,0.0,20,0.0,0.0,0.0,20,0.128,0.003506,0.05921148537234985,20,,,,0,,,,0,,,,0
run,run_20260410_173224_8bf1db5_dirty,final_architecture_comparison,multi_agent_llm_game_benchmark_mock,mock-deterministic,structured_reasoning_v1,internal_ai_tournament,blotto,discrete_blotto_v1,parallel,Parallel Team,20,1,0.5,0.0,0.0,20,0.0,0.0,0.0,20,0.128,0.003506,0.05921148537234985,20,,,,0,,,,0,,,,0
run,run_20260410_172920_8bf1db5_dirty,final_architecture_comparison,multi_agent_llm_game_benchmark_mock,mock-deterministic,structured_reasoning_v1,internal_ai_tournament,blotto,discrete_blotto_v1,single,Single Agent,20,1,0.5,0.0,0.0,20,0.0,0.0,0.0,20,0.14150000000000001,0.00142275,0.037719358425084594,20,,,,0,,,,0,,,,0
run,run_20260410_172948_8bf1db5_dirty,final_architecture_comparison,multi_agent_llm_game_benchmark_mock,mock-deterministic,structured_reasoning_v1,internal_ai_tournament,blotto,discrete_blotto_v1,single,Single Agent,20,1,0.5,0.0,0.0,20,0.0,0.0,0.0,20,0.14150000000000001,0.00142275,0.037719358425084594,20,,,,0,,,,0,,,,0
run,run_20260410_173224_8bf1db5_dirty,final_architecture_comparison,multi_agent_llm_game_benchmark_mock,mock-deterministic,structured_reasoning_v1,internal_ai_tournament,blotto,discrete_blotto_v1,single,Single Agent,20,1,0.5,0.0,0.0,20,0.0,0.0,0.0,20,0.14150000000000001,0.00142275,0.037719358425084594,20,,,,0,,,,0,,,,0
run,run_20260410_172920_8bf1db5_dirty,final_architecture_comparison,multi_agent_llm_game_benchmark_mock,mock-deterministic,structured_reasoning_v1,internal_ai_tournament,connect4,gravity_grid_standard_v1,hierarchical,Hierarchical Team,20,1,0.0,0.0,0.0,20,0.0,0.0,0.0,20,,,,0,,,,0,,,,0,,,,0
run,run_20260410_172948_8bf1db5_dirty,final_architecture_comparison,multi_agent_llm_game_benchmark_mock,mock-deterministic,structured_reasoning_v1,internal_ai_tournament,connect4,gravity_grid_standard_v1,hierarchical,Hierarchical Team,20,1,0.0,0.0,0.0,20,0.0,0.0,0.0,20,,,,0,,,,0,,,,0,,,,0
run,run_20260410_173224_8bf1db5_dirty,final_architecture_comparison,multi_agent_llm_game_benchmark_mock,mock-deterministic,structured_reasoning_v1,internal_ai_tournament,connect4,gravity_grid_standard_v1,hierarchical,Hierarchical Team,20,1,0.0,0.0,0.0,20,0.0,0.0,0.0,20,,,,0,,,,0,,,,0,,,,0
run,run_20260410_172920_8bf1db5_dirty,final_architecture_comparison,multi_agent_llm_game_benchmark_mock,mock-deterministic,structured_reasoning_v1,internal_ai_tournament,connect4,gravity_grid_standard_v1,parallel,Parallel Team,20,1,0.5,0.25,0.5,20,0.0,0.0,0.0,20,,,,0,,,,0,,,,0,,,,0
run,run_20260410_172948_8bf1db5_dirty,final_architecture_comparison,multi_agent_llm_game_benchmark_mock,mock-deterministic,structured_reasoning_v1,internal_ai_tournament,connect4,gravity_grid_standard_v1,parallel,Parallel Team,20,1,0.5,0.25,0.5,20,0.0,0.0,0.0,20,,,,0,,,,0,,,,0,,,,0
run,run_20260410_173224_8bf1db5_dirty,final_architecture_comparison,multi_agent_llm_game_benchmark_mock,mock-deterministic,structured_reasoning_v1,internal_ai_tournament,connect4,gravity_grid_standard_v1,parallel,Parallel Team,20,1,0.5,0.25,0.5,20,0.0,0.0,0.0,20,,,,0,,,,0,,,,0,,,,0
run,run_20260410_172920_8bf1db5_dirty,final_architecture_comparison,multi_agent_llm_game_benchmark_mock,mock-deterministic,structured_reasoning_v1,internal_ai_tournament,connect4,gravity_grid_standard_v1,single,Single Agent,20,1,1.0,0.0,0.0,20,0.0,0.0,0.0,20,,,,0,,,,0,,,,0,,,,0
run,run_20260410_172948_8bf1db5_dirty,final_architecture_comparison,multi_agent_llm_game_benchmark_mock,mock-deterministic,structured_reasoning_v1,internal_ai_tournament,connect4,gravity_grid_standard_v1,single,Single Agent,20,1,1.0,0.0,0.0,20,0.0,0.0,0.0,20,,,,0,,,,0,,,,0,,,,0
run,run_20260410_173224_8bf1db5_dirty,final_architecture_comparison,multi_agent_llm_game_benchmark_mock,mock-deterministic,structured_reasoning_v1,internal_ai_tournament,connect4,gravity_grid_standard_v1,single,Single Agent,20,1,1.0,0.0,0.0,20,0.0,0.0,0.0,20,,,,0,,,,0,,,,0,,,,0
run,run_20260410_164625_8bf1db5_dirty,gameenv_smoke,gameenv_smoke,mock-deterministic,,blotto_vs_bots,blotto,blotto,hierarchical,Hierarchical Team,2,1,0.75,0.0625,0.25,2,0.0,0.0,0.0,2,,,,0,,,,0,,,,0,,,,0
run,run_20260410_164625_8bf1db5_dirty,gameenv_smoke,gameenv_smoke,mock-deterministic,,blotto_vs_bots,blotto,blotto,parallel,Parallel Team,2,1,0.25,0.0625,0.25,2,0.0,0.0,0.0,2,,,,0,,,,0,,,,0,,,,0
run,run_20260410_164625_8bf1db5_dirty,gameenv_smoke,gameenv_smoke,mock-deterministic,,blotto_vs_bots,blotto,blotto,single,Single Agent,2,1,0.75,0.0625,0.25,2,0.0,0.0,0.0,2,,,,0,,,,0,,,,0,,,,0
run,run_20260410_164625_8bf1db5_dirty,gameenv_smoke,gameenv_smoke,mock-deterministic,,connect4_oracle_accuracy,connect4,connect4,hierarchical,Hierarchical Team,1,1,0.0,0.0,0.0,1,0.0,0.0,0.0,1,,,,0,90.91,0.0,0.0,1,,,,0,0.0,0.0,0.0,1
run,run_20260410_164625_8bf1db5_dirty,gameenv_smoke,gameenv_smoke,mock-deterministic,,connect4_oracle_accuracy,connect4,connect4,parallel,Parallel Team,1,1,0.0,0.0,0.0,1,0.0,0.0,0.0,1,,,,0,90.91,0.0,0.0,1,,,,0,0.0,0.0,0.0,1
run,run_20260410_164625_8bf1db5_dirty,gameenv_smoke,gameenv_smoke,mock-deterministic,,connect4_oracle_accuracy,connect4,connect4,single,Single Agent,1,1,0.0,0.0,0.0,1,0.0,0.0,0.0,1,,,,0,90.91,0.0,0.0,1,,,,0,0.0,0.0,0.0,1
run,run_20260410_164625_8bf1db5_dirty,gameenv_smoke,gameenv_smoke,mock-deterministic,,internal_ai_tournament,blotto,blotto,hierarchical,Hierarchical Team,2,1,0.5,0.0,0.0,2,0.0,0.0,0.0,2,,,,0,,,,0,,,,0,,,,0
run,run_20260410_164625_8bf1db5_dirty,gameenv_smoke,gameenv_smoke,mock-deterministic,,internal_ai_tournament,blotto,blotto,parallel,Parallel Team,2,1,0.5,0.0,0.0,2,0.0,0.0,0.0,2,,,,0,,,,0,,,,0,,,,0
run,run_20260410_164625_8bf1db5_dirty,gameenv_smoke,gameenv_smoke,mock-deterministic,,internal_ai_tournament,blotto,blotto,single,Single Agent,2,1,0.5,0.0,0.0,2,0.0,0.0,0.0,2,,,,0,,,,0,,,,0,,,,0
run,run_20260410_164625_8bf1db5_dirty,gameenv_smoke,gameenv_smoke,mock-deterministic,,internal_ai_tournament,connect4,connect4,hierarchical_team,Hierarchical Team,2,1,0.0,0.0,0.0,2,0.0,0.0,0.0,2,,,,0,,,,0,,,,0,,,,0
run,run_20260410_164625_8bf1db5_dirty,gameenv_smoke,gameenv_smoke,mock-deterministic,,internal_ai_tournament,connect4,connect4,parallel_team,Parallel Team,2,1,0.5,0.25,0.5,2,0.0,0.0,0.0,2,,,,0,,,,0,,,,0,,,,0
run,run_20260410_164625_8bf1db5_dirty,gameenv_smoke,gameenv_smoke,mock-deterministic,,internal_ai_tournament,connect4,connect4,single_agent,Single Agent,2,1,1.0,0.0,0.0,2,0.0,0.0,0.0,2,,,,0,,,,0,,,,0,,,,0
run,run_20260410_170138_8bf1db5_dirty,metrics_section9_smoke,metrics_section9_smoke,mock-deterministic,structured_reasoning_v1,blotto_vs_bots,blotto,discrete_blotto_v1,hierarchical,Hierarchical Team,4,1,0.25,0.1875,0.4330127018922193,4,0.0,0.0,0.0,4,0.24,0.0014499999999999995,0.038078865529319536,4,,,,0,,,,0,,,,0
run,run_20260410_170138_8bf1db5_dirty,metrics_section9_smoke,metrics_section9_smoke,mock-deterministic,structured_reasoning_v1,blotto_vs_bots,blotto,discrete_blotto_v1,parallel,Parallel Team,4,1,0.25,0.1875,0.4330127018922193,4,0.0,0.0,0.0,4,0.1525,0.0037687500000000004,0.06139014578904338,4,,,,0,,,,0,,,,0
run,run_20260410_170138_8bf1db5_dirty,metrics_section9_smoke,metrics_section9_smoke,mock-deterministic,structured_reasoning_v1,blotto_vs_bots,blotto,discrete_blotto_v1,single,Single Agent,4,1,0.25,0.1875,0.4330127018922193,4,0.0,0.0,0.0,4,0.1425,0.004368749999999999,0.06609652033201142,4,,,,0,,,,0,,,,0
run,run_20260410_170138_8bf1db5_dirty,metrics_section9_smoke,metrics_section9_smoke,mock-deterministic,structured_reasoning_v1,connect4_oracle_accuracy,connect4,gravity_grid_standard_v1,hierarchical,Hierarchical Team,1,1,0.0,0.0,0.0,1,0.0,0.0,0.0,1,,,,0,20.0,0.0,0.0,1,20010.8,0.0,0.0,1,0.8,0.0,0.0,1
run,run_20260410_170138_8bf1db5_dirty,metrics_section9_smoke,metrics_section9_smoke,mock-deterministic,structured_reasoning_v1,connect4_oracle_accuracy,connect4,gravity_grid_standard_v1,parallel,Parallel Team,1,1,0.0,0.0,0.0,1,0.0,0.0,0.0,1,,,,0,20.0,0.0,0.0,1,20010.8,0.0,0.0,1,0.8,0.0,0.0,1
run,run_20260410_170138_8bf1db5_dirty,metrics_section9_smoke,metrics_section9_smoke,mock-deterministic,structured_reasoning_v1,connect4_oracle_accuracy,connect4,gravity_grid_standard_v1,single,Single Agent,1,1,0.0,0.0,0.0,1,0.0,0.0,0.0,1,,,,0,20.0,0.0,0.0,1,20010.8,0.0,0.0,1,0.8,0.0,0.0,1
run,run_20260410_170138_8bf1db5_dirty,metrics_section9_smoke,metrics_section9_smoke,mock-deterministic,structured_reasoning_v1,internal_ai_tournament,blotto,discrete_blotto_v1,hierarchical,Hierarchical Team,2,1,0.5,0.0,0.0,2,0.0,0.0,0.0,2,0.09,0.0036,0.06,2,,,,0,,,,0,,,,0
run,run_20260410_170138_8bf1db5_dirty,metrics_section9_smoke,metrics_section9_smoke,mock-deterministic,structured_reasoning_v1,internal_ai_tournament,blotto,discrete_blotto_v1,parallel,Parallel Team,2,1,0.5,0.0,0.0,2,0.0,0.0,0.0,2,0.125,0.009025,0.095,2,,,,0,,,,0,,,,0
run,run_20260410_170138_8bf1db5_dirty,metrics_section9_smoke,metrics_section9_smoke,mock-deterministic,structured_reasoning_v1,internal_ai_tournament,blotto,discrete_blotto_v1,single,Single Agent,2,1,0.5,0.0,0.0,2,0.0,0.0,0.0,2,0.185,0.0012250000000000002,0.035,2,,,,0,,,,0,,,,0
run,run_20260410_170138_8bf1db5_dirty,metrics_section9_smoke,metrics_section9_smoke,mock-deterministic,structured_reasoning_v1,internal_ai_tournament,connect4,connect4,hierarchical,Hierarchical Team,2,1,0.0,0.0,0.0,2,0.0,0.0,0.0,2,,,,0,,,,0,,,,0,,,,0
run,run_20260410_170138_8bf1db5_dirty,metrics_section9_smoke,metrics_section9_smoke,mock-deterministic,structured_reasoning_v1,internal_ai_tournament,connect4,connect4,parallel,Parallel Team,2,1,0.5,0.25,0.5,2,0.0,0.0,0.0,2,,,,0,,,,0,,,,0,,,,0
run,run_20260410_170138_8bf1db5_dirty,metrics_section9_smoke,metrics_section9_smoke,mock-deterministic,structured_reasoning_v1,internal_ai_tournament,connect4,connect4,single,Single Agent,2,1,1.0,0.0,0.0,2,0.0,0.0,0.0,2,,,,0,,,,0,,,,0,,,,0
run,run_20260410_215707_032b2a0_dirty,model_scale_subset,multi_agent_llm_game_benchmark_model_scale_subset,qwen2_5_param_count_subset,structured_reasoning_v1,blotto_vs_bots,blotto,discrete_blotto_v1,hierarchical_hhl,Hierarchical Team (Low->High->High),8,1,0.5,0.0,0.0,8,1.0,0.0,0.0,8,,,,0,,,,0,,,,0,,,,0
run,run_20260410_215833_032b2a0_dirty,model_scale_subset,multi_agent_llm_game_benchmark_model_scale_subset,qwen2_5_param_count_subset,structured_reasoning_v1,blotto_vs_bots,blotto,discrete_blotto_v1,hierarchical_hhl,Hierarchical Team (Low->High->High),8,1,0.375,0.234375,0.4841229182759271,8,0.0,0.0,0.0,8,0.09875,0.0025359375,0.050358092696209215,8,,,,0,,,,0,,,,0
run,run_20260410_215707_032b2a0_dirty,model_scale_subset,multi_agent_llm_game_benchmark_model_scale_subset,qwen2_5_param_count_subset,structured_reasoning_v1,blotto_vs_bots,blotto,discrete_blotto_v1,hierarchical_llh,Hierarchical Team (Low->Low->High),8,1,0.5,0.0,0.0,8,1.0,0.0,0.0,8,,,,0,,,,0,,,,0,,,,0
run,run_20260410_215833_032b2a0_dirty,model_scale_subset,multi_agent_llm_game_benchmark_model_scale_subset,qwen2_5_param_count_subset,structured_reasoning_v1,blotto_vs_bots,blotto,discrete_blotto_v1,hierarchical_llh,Hierarchical Team (Low->Low->High),8,1,0.5625,0.21484375,0.46351240544347894,8,0.0,0.0,0.0,8,0.1475,0.01001875,0.10009370609583801,8,,,,0,,,,0,,,,0
run,run_20260410_215707_032b2a0_dirty,model_scale_subset,multi_agent_llm_game_benchmark_model_scale_subset,qwen2_5_param_count_subset,structured_reasoning_v1,blotto_vs_bots,blotto,discrete_blotto_v1,hierarchical_lmh,Hierarchical Team (Low->Med->High),8,1,0.5,0.0,0.0,8,1.0,0.0,0.0,8,,,,0,,,,0,,,,0,,,,0
run,run_20260410_215833_032b2a0_dirty,model_scale_subset,multi_agent_llm_game_benchmark_model_scale_subset,qwen2_5_param_count_subset,structured_reasoning_v1,blotto_vs_bots,blotto,discrete_blotto_v1,hierarchical_lmh,Hierarchical Team (Low->Med->High),8,1,0.4375,0.21484375,0.46351240544347894,8,0.0,0.0,0.0,8,0.1325,0.009118750000000002,0.0954921462739214,8,,,,0,,,,0,,,,0
run,run_20260410_215707_032b2a0_dirty,model_scale_subset,multi_agent_llm_game_benchmark_model_scale_subset,qwen2_5_param_count_subset,structured_reasoning_v1,blotto_vs_bots,blotto,discrete_blotto_v1,parallel_hhl,Parallel Team (High+High+Low),8,1,0.5,0.0,0.0,8,1.0,0.0,0.0,8,,,,0,,,,0,,,,0,,,,0
run,run_20260410_215833_032b2a0_dirty,model_scale_subset,multi_agent_llm_game_benchmark_model_scale_subset,qwen2_5_param_count_subset,structured_reasoning_v1,blotto_vs_bots,blotto,discrete_blotto_v1,parallel_hhl,Parallel Team (High+High+Low),8,1,0.5,0.25,0.5,8,0.0,0.0,0.0,8,0.1175,0.00966875,0.09832980219648568,8,,,,0,,,,0,,,,0
run,run_20260410_215707_032b2a0_dirty,model_scale_subset,multi_agent_llm_game_benchmark_model_scale_subset,qwen2_5_param_count_subset,structured_reasoning_v1,blotto_vs_bots,blotto,discrete_blotto_v1,parallel_llh,Parallel Team (Low+Low+High),8,1,0.5,0.0,0.0,8,1.0,0.0,0.0,8,,,,0,,,,0,,,,0,,,,0
run,run_20260410_215833_032b2a0_dirty,model_scale_subset,multi_agent_llm_game_benchmark_model_scale_subset,qwen2_5_param_count_subset,structured_reasoning_v1,blotto_vs_bots,blotto,discrete_blotto_v1,parallel_llh,Parallel Team (Low+Low+High),8,1,0.5,0.25,0.5,8,0.0,0.0,0.0,8,0.18,0.0029000000000000007,0.05385164807134505,8,,,,0,,,,0,,,,0
run,run_20260410_215707_032b2a0_dirty,model_scale_subset,multi_agent_llm_game_benchmark_model_scale_subset,qwen2_5_param_count_subset,structured_reasoning_v1,blotto_vs_bots,blotto,discrete_blotto_v1,parallel_lmh,Parallel Team (Low+Med+High),8,1,0.5,0.0,0.0,8,1.0,0.0,0.0,8,,,,0,,,,0,,,,0,,,,0
run,run_20260410_215833_032b2a0_dirty,model_scale_subset,multi_agent_llm_game_benchmark_model_scale_subset,qwen2_5_param_count_subset,structured_reasoning_v1,blotto_vs_bots,blotto,discrete_blotto_v1,parallel_lmh,Parallel Team (Low+Med+High),8,1,0.625,0.234375,0.4841229182759271,8,0.0,0.0,0.0,8,0.14375,0.0043734375,0.06613197033205649,8,,,,0,,,,0,,,,0
run,run_20260410_215707_032b2a0_dirty,model_scale_subset,multi_agent_llm_game_benchmark_model_scale_subset,qwen2_5_param_count_subset,structured_reasoning_v1,connect4_oracle_accuracy,connect4,gravity_grid_standard_v1,hierarchical_hhl,Hierarchical Team (Low->High->High),2,1,0.0,0.0,0.0,2,1.0,0.0,0.0,2,,,,0,37.5,156.25,12.5,2,12512.3125,155617828.22265625,12474.6875,2,0.625,0.015625,0.125,2
run,run_20260410_215833_032b2a0_dirty,model_scale_subset,multi_agent_llm_game_benchmark_model_scale_subset,qwen2_5_param_count_subset,structured_reasoning_v1,connect4_oracle_accuracy,connect4,gravity_grid_standard_v1,hierarchical_hhl,Hierarchical Team (Low->High->High),2,1,0.0,0.0,0.0,2,0.0,0.0,0.0,2,,,,0,17.69,5.336099999999998,2.3099999999999996,2,13889.4769,37568601.66419361,6129.3231,2,0.823076923076923,0.0005325443786982236,0.02307692307692305,2
run,run_20260410_215707_032b2a0_dirty,model_scale_subset,multi_agent_llm_game_benchmark_model_scale_subset,qwen2_5_param_count_subset,structured_reasoning_v1,connect4_oracle_accuracy,connect4,gravity_grid_standard_v1,hierarchical_llh,Hierarchical Team (Low->Low->High),2,1,0.0,0.0,0.0,2,1.0,0.0,0.0,2,,,,0,54.2,0.12249999999999851,0.34999999999999787,2,8394.6014,491705.00060223957,701.2167999999997,2,0.458041958041958,1.2225536701061319e-05,0.003496503496503517,2
run,run_20260410_215833_032b2a0_dirty,model_scale_subset,multi_agent_llm_game_benchmark_model_scale_subset,qwen2_5_param_count_subset,structured_reasoning_v1,connect4_oracle_accuracy,connect4,gravity_grid_standard_v1,hierarchical_llh,Hierarchical Team (Low->Low->High),2,1,0.0,0.0,0.0,2,0.0,0.0,0.0,2,,,,0,23.81,90.6304,9.52,2,15480.33335,1416893.4841222244,1190.3333500000008,2,0.7619047619047619,0.009070294784580497,0.09523809523809523,2
run,run_20260410_215707_032b2a0_dirty,model_scale_subset,multi_agent_llm_game_benchmark_model_scale_subset,qwen2_5_param_count_subset,structured_reasoning_v1,connect4_oracle_accuracy,connect4,gravity_grid_standard_v1,hierarchical_lmh,Hierarchical Team (Low->Med->High),2,1,0.0,0.0,0.0,2,1.0,0.0,0.0,2,,,,0,19.645,28.676025000000006,5.355,2,19630.2143,28673729.892924495,5354.7857,2,0.8035714285714286,0.002869897959183671,0.05357142857142855,2
run,run_20260410_215833_032b2a0_dirty,model_scale_subset,multi_agent_llm_game_benchmark_model_scale_subset,qwen2_5_param_count_subset,structured_reasoning_v1,connect4_oracle_accuracy,connect4,gravity_grid_standard_v1,hierarchical_lmh,Hierarchical Team (Low->Med->High),2,1,0.0,0.0,0.0,2,0.0,0.0,0.0,2,,,,0,13.89,7.728400000000006,2.780000000000001,2,13920.72225,7611774.478185807,2758.944450000001,2,0.8611111111111112,0.0007716049382716025,0.027777777777777735,2
run,run_20260410_215707_032b2a0_dirty,model_scale_subset,multi_agent_llm_game_benchmark_model_scale_subset,qwen2_5_param_count_subset,structured_reasoning_v1,connect4_oracle_accuracy,connect4,gravity_grid_standard_v1,parallel_hhl,Parallel Team (High+High+Low),2,1,0.0,0.0,0.0,2,1.0,0.0,0.0,2,,,,0,18.335,2.772224999999997,1.6649999999999991,2,18327.9,2852383.2099999986,1688.8999999999996,2,0.8166666666666667,0.00027777777777777767,0.016666666666666663,2
run,run_20260410_215833_032b2a0_dirty,model_scale_subset,multi_agent_llm_game_benchmark_model_scale_subset,qwen2_5_param_count_subset,structured_reasoning_v1,connect4_oracle_accuracy,connect4,gravity_grid_standard_v1,parallel_hhl,Parallel Team (High+High+Low),2,1,0.0,0.0,0.0,2,0.0,0.0,0.0,2,,,,0,33.635,40.513225000000006,6.365,2,9554.7,194216.48999999985,440.6999999999998,2,0.6636363636363636,0.004049586776859507,0.06363636363636366,2
run,run_20260410_215707_032b2a0_dirty,model_scale_subset,multi_agent_llm_game_benchmark_model_scale_subset,qwen2_5_param_count_subset,structured_reasoning_v1,connect4_oracle_accuracy,connect4,gravity_grid_standard_v1,parallel_llh,Parallel Team (Low+Low+High),2,1,0.0,0.0,0.0,2,1.0,0.0,0.0,2,,,,0,11.11,123.43209999999999,11.11,2,18061.7222,48181337.49677284,6941.2778,2,0.8888888888888888,0.012345679012345678,0.1111111111111111,2
run,run_20260410_215833_032b2a0_dirty,model_scale_subset,multi_agent_llm_game_benchmark_model_scale_subset,qwen2_5_param_count_subset,structured_reasoning_v1,connect4_oracle_accuracy,connect4,gravity_grid_standard_v1,parallel_llh,Parallel Team (Low+Low+High),2,1,0.0,0.0,0.0,2,0.0,0.0,0.0,2,,,,0,42.855000000000004,204.061225,14.285,2,14280.7143,5.898097960000912,2.4286000000001877,2,0.5714285714285714,0.020408163265306128,0.14285714285714288,2
run,run_20260410_215707_032b2a0_dirty,model_scale_subset,multi_agent_llm_game_benchmark_model_scale_subset,qwen2_5_param_count_subset,structured_reasoning_v1,connect4_oracle_accuracy,connect4,gravity_grid_standard_v1,parallel_lmh,Parallel Team (Low+Med+High),2,1,0.0,0.0,0.0,2,1.0,0.0,0.0,2,,,,0,25.0,0.0,0.0,2,18749.375,39182905.140625,6259.625,2,0.75,0.0,0.0,2
run,run_20260410_215833_032b2a0_dirty,model_scale_subset,multi_agent_llm_game_benchmark_model_scale_subset,qwen2_5_param_count_subset,structured_reasoning_v1,connect4_oracle_accuracy,connect4,gravity_grid_standard_v1,parallel_lmh,Parallel Team (Low+Med+High),2,1,0.0,0.0,0.0,2,0.0,0.0,0.0,2,,,,0,16.67,0.0,0.0,2,16679.6667,0.0,0.0,2,0.8333333333333334,0.0,0.0,2
run,run_20260410_215707_032b2a0_dirty,model_scale_subset,multi_agent_llm_game_benchmark_model_scale_subset,qwen2_5_param_count_subset,structured_reasoning_v1,internal_ai_tournament,blotto,discrete_blotto_v1,hierarchical_hhl,Hierarchical Team (Low->High->High),10,1,0.5,0.0,0.0,10,1.0,0.0,0.0,10,,,,0,,,,0,,,,0,,,,0
run,run_20260410_215833_032b2a0_dirty,model_scale_subset,multi_agent_llm_game_benchmark_model_scale_subset,qwen2_5_param_count_subset,structured_reasoning_v1,internal_ai_tournament,blotto,discrete_blotto_v1,hierarchical_hhl,Hierarchical Team (Low->High->High),10,1,0.8,0.16,0.4,10,0.0,0.0,0.0,10,0.071,0.001709,0.041340053217188776,10,,,,0,,,,0,,,,0
run,run_20260410_215707_032b2a0_dirty,model_scale_subset,multi_agent_llm_game_benchmark_model_scale_subset,qwen2_5_param_count_subset,structured_reasoning_v1,internal_ai_tournament,blotto,discrete_blotto_v1,hierarchical_llh,Hierarchical Team (Low->Low->High),10,1,0.5,0.0,0.0,10,1.0,0.0,0.0,10,,,,0,,,,0,,,,0,,,,0
run,run_20260410_215833_032b2a0_dirty,model_scale_subset,multi_agent_llm_game_benchmark_model_scale_subset,qwen2_5_param_count_subset,structured_reasoning_v1,internal_ai_tournament,blotto,discrete_blotto_v1,hierarchical_llh,Hierarchical Team (Low->Low->High),10,1,0.25,0.1625,0.4031128874149275,10,0.1,0.09,0.3,10,0.08777777777777777,0.004195061728395062,0.06476929618573188,9,,,,0,,,,0,,,,0
run,run_20260410_215707_032b2a0_dirty,model_scale_subset,multi_agent_llm_game_benchmark_model_scale_subset,qwen2_5_param_count_subset,structured_reasoning_v1,internal_ai_tournament,blotto,discrete_blotto_v1,hierarchical_lmh,Hierarchical Team (Low->Med->High),10,1,0.5,0.0,0.0,10,1.0,0.0,0.0,10,,,,0,,,,0,,,,0,,,,0
run,run_20260410_215833_032b2a0_dirty,model_scale_subset,multi_agent_llm_game_benchmark_model_scale_subset,qwen2_5_param_count_subset,structured_reasoning_v1,internal_ai_tournament,blotto,discrete_blotto_v1,hierarchical_lmh,Hierarchical Team (Low->Med->High),10,1,0.5,0.25,0.5,10,0.0,0.0,0.0,10,0.088,0.0027359999999999997,0.05230678732248808,10,,,,0,,,,0,,,,0
run,run_20260410_215707_032b2a0_dirty,model_scale_subset,multi_agent_llm_game_benchmark_model_scale_subset,qwen2_5_param_count_subset,structured_reasoning_v1,internal_ai_tournament,blotto,discrete_blotto_v1,parallel_hhl,Parallel Team (High+High+Low),10,1,0.5,0.0,0.0,10,1.0,0.0,0.0,10,,,,0,,,,0,,,,0,,,,0
run,run_20260410_215833_032b2a0_dirty,model_scale_subset,multi_agent_llm_game_benchmark_model_scale_subset,qwen2_5_param_count_subset,structured_reasoning_v1,internal_ai_tournament,blotto,discrete_blotto_v1,parallel_hhl,Parallel Team (High+High+Low),10,1,0.45,0.2225,0.4716990566028302,10,0.0,0.0,0.0,10,0.10300000000000001,0.005861000000000001,0.07655716818169282,10,,,,0,,,,0,,,,0
run,run_20260410_215707_032b2a0_dirty,model_scale_subset,multi_agent_llm_game_benchmark_model_scale_subset,qwen2_5_param_count_subset,structured_reasoning_v1,internal_ai_tournament,blotto,discrete_blotto_v1,parallel_llh,Parallel Team (Low+Low+High),10,1,0.5,0.0,0.0,10,1.0,0.0,0.0,10,,,,0,,,,0,,,,0,,,,0
run,run_20260410_215833_032b2a0_dirty,model_scale_subset,multi_agent_llm_game_benchmark_model_scale_subset,qwen2_5_param_count_subset,structured_reasoning_v1,internal_ai_tournament,blotto,discrete_blotto_v1,parallel_llh,Parallel Team (Low+Low+High),10,1,0.6,0.19,0.43588989435406733,10,0.0,0.0,0.0,10,0.097,0.005361,0.07321885003194191,10,,,,0,,,,0,,,,0
run,run_20260410_215707_032b2a0_dirty,model_scale_subset,multi_agent_llm_game_benchmark_model_scale_subset,qwen2_5_param_count_subset,structured_reasoning_v1,internal_ai_tournament,blotto,discrete_blotto_v1,parallel_lmh,Parallel Team (Low+Med+High),10,1,0.5,0.0,0.0,10,1.0,0.0,0.0,10,,,,0,,,,0,,,,0,,,,0
run,run_20260410_215833_032b2a0_dirty,model_scale_subset,multi_agent_llm_game_benchmark_model_scale_subset,qwen2_5_param_count_subset,structured_reasoning_v1,internal_ai_tournament,blotto,discrete_blotto_v1,parallel_lmh,Parallel Team (Low+Med+High),10,1,0.4,0.24,0.4898979485566356,10,0.0,0.0,0.0,10,0.127,0.0017410000000000001,0.04172529209005013,10,,,,0,,,,0,,,,0
run,run_20260410_215707_032b2a0_dirty,model_scale_subset,multi_agent_llm_game_benchmark_model_scale_subset,qwen2_5_param_count_subset,structured_reasoning_v1,internal_ai_tournament,connect4,gravity_grid_standard_v1,hierarchical_hhl,Hierarchical Team (Low->High->High),10,1,0.6,0.24,0.4898979485566356,10,1.0,0.0,0.0,10,,,,0,,,,0,,,,0,,,,0
run,run_20260410_215833_032b2a0_dirty,model_scale_subset,multi_agent_llm_game_benchmark_model_scale_subset,qwen2_5_param_count_subset,structured_reasoning_v1,internal_ai_tournament,connect4,gravity_grid_standard_v1,hierarchical_hhl,Hierarchical Team (Low->High->High),10,1,0.8,0.16,0.4,10,0.0,0.0,0.0,10,,,,0,,,,0,,,,0,,,,0
run,run_20260410_215707_032b2a0_dirty,model_scale_subset,multi_agent_llm_game_benchmark_model_scale_subset,qwen2_5_param_count_subset,structured_reasoning_v1,internal_ai_tournament,connect4,gravity_grid_standard_v1,hierarchical_llh,Hierarchical Team (Low->Low->High),10,1,0.6,0.24,0.4898979485566356,10,1.0,0.0,0.0,10,,,,0,,,,0,,,,0,,,,0
run,run_20260410_215833_032b2a0_dirty,model_scale_subset,multi_agent_llm_game_benchmark_model_scale_subset,qwen2_5_param_count_subset,structured_reasoning_v1,internal_ai_tournament,connect4,gravity_grid_standard_v1,hierarchical_llh,Hierarchical Team (Low->Low->High),10,1,0.4,0.24,0.4898979485566356,10,0.0,0.0,0.0,10,,,,0,,,,0,,,,0,,,,0
run,run_20260410_215707_032b2a0_dirty,model_scale_subset,multi_agent_llm_game_benchmark_model_scale_subset,qwen2_5_param_count_subset,structured_reasoning_v1,internal_ai_tournament,connect4,gravity_grid_standard_v1,hierarchical_lmh,Hierarchical Team (Low->Med->High),10,1,0.3,0.21,0.458257569495584,10,1.0,0.0,0.0,10,,,,0,,,,0,,,,0,,,,0
run,run_20260410_215833_032b2a0_dirty,model_scale_subset,multi_agent_llm_game_benchmark_model_scale_subset,qwen2_5_param_count_subset,structured_reasoning_v1,internal_ai_tournament,connect4,gravity_grid_standard_v1,hierarchical_lmh,Hierarchical Team (Low->Med->High),10,1,0.3,0.21,0.458257569495584,10,0.0,0.0,0.0,10,,,,0,,,,0,,,,0,,,,0
run,run_20260410_215707_032b2a0_dirty,model_scale_subset,multi_agent_llm_game_benchmark_model_scale_subset,qwen2_5_param_count_subset,structured_reasoning_v1,internal_ai_tournament,connect4,gravity_grid_standard_v1,parallel_hhl,Parallel Team (High+High+Low),10,1,0.4,0.24,0.4898979485566356,10,1.0,0.0,0.0,10,,,,0,,,,0,,,,0,,,,0
run,run_20260410_215833_032b2a0_dirty,model_scale_subset,multi_agent_llm_game_benchmark_model_scale_subset,qwen2_5_param_count_subset,structured_reasoning_v1,internal_ai_tournament,connect4,gravity_grid_standard_v1,parallel_hhl,Parallel Team (High+High+Low),10,1,0.6,0.24,0.4898979485566356,10,0.0,0.0,0.0,10,,,,0,,,,0,,,,0,,,,0
run,run_20260410_215707_032b2a0_dirty,model_scale_subset,multi_agent_llm_game_benchmark_model_scale_subset,qwen2_5_param_count_subset,structured_reasoning_v1,internal_ai_tournament,connect4,gravity_grid_standard_v1,parallel_llh,Parallel Team (Low+Low+High),10,1,0.3,0.21,0.458257569495584,10,1.0,0.0,0.0,10,,,,0,,,,0,,,,0,,,,0
run,run_20260410_215833_032b2a0_dirty,model_scale_subset,multi_agent_llm_game_benchmark_model_scale_subset,qwen2_5_param_count_subset,structured_reasoning_v1,internal_ai_tournament,connect4,gravity_grid_standard_v1,parallel_llh,Parallel Team (Low+Low+High),10,1,0.6,0.24,0.4898979485566356,10,0.0,0.0,0.0,10,,,,0,,,,0,,,,0,,,,0
run,run_20260410_215707_032b2a0_dirty,model_scale_subset,multi_agent_llm_game_benchmark_model_scale_subset,qwen2_5_param_count_subset,structured_reasoning_v1,internal_ai_tournament,connect4,gravity_grid_standard_v1,parallel_lmh,Parallel Team (Low+Med+High),10,1,0.8,0.16,0.4,10,1.0,0.0,0.0,10,,,,0,,,,0,,,,0,,,,0
run,run_20260410_215833_032b2a0_dirty,model_scale_subset,multi_agent_llm_game_benchmark_model_scale_subset,qwen2_5_param_count_subset,structured_reasoning_v1,internal_ai_tournament,connect4,gravity_grid_standard_v1,parallel_lmh,Parallel Team (Low+Med+High),10,1,0.3,0.21,0.458257569495584,10,0.0,0.0,0.0,10,,,,0,,,,0,,,,0,,,,0
run,run_20260410_172912_8bf1db5_dirty,pilot_architecture_comparison,multi_agent_llm_game_benchmark_mock,mock-deterministic,structured_reasoning_v1,blotto_vs_bots,blotto,discrete_blotto_v1,hierarchical,Hierarchical Team,12,1,0.25,0.1875,0.4330127018922193,12,0.0,0.0,0.0,12,0.16333333333333333,0.006622222222222222,0.08137703743822469,12,,,,0,,,,0,,,,0
run,run_20260410_172912_8bf1db5_dirty,pilot_architecture_comparison,multi_agent_llm_game_benchmark_mock,mock-deterministic,structured_reasoning_v1,blotto_vs_bots,blotto,discrete_blotto_v1,parallel,Parallel Team,12,1,0.4166666666666667,0.24305555555555555,0.4930066485916347,12,0.0,0.0,0.0,12,0.15916666666666668,0.003557638888888889,0.05964594612284131,12,,,,0,,,,0,,,,0
run,run_20260410_172912_8bf1db5_dirty,pilot_architecture_comparison,multi_agent_llm_game_benchmark_mock,mock-deterministic,structured_reasoning_v1,blotto_vs_bots,blotto,discrete_blotto_v1,single,Single Agent,12,1,0.16666666666666666,0.1388888888888889,0.37267799624996495,12,0.0,0.0,0.0,12,0.14166666666666666,0.006813888888888889,0.08254628331359862,12,,,,0,,,,0,,,,0
run,run_20260410_172912_8bf1db5_dirty,pilot_architecture_comparison,multi_agent_llm_game_benchmark_mock,mock-deterministic,structured_reasoning_v1,connect4_oracle_accuracy,connect4,gravity_grid_standard_v1,hierarchical,Hierarchical Team,3,1,0.0,0.0,0.0,3,0.0,0.0,0.0,3,,,,0,20.0,0.0,0.0,3,20010.8,0.0,0.0,3,0.8,0.0,0.0,3
run,run_20260410_172912_8bf1db5_dirty,pilot_architecture_comparison,multi_agent_llm_game_benchmark_mock,mock-deterministic,structured_reasoning_v1,connect4_oracle_accuracy,connect4,gravity_grid_standard_v1,parallel,Parallel Team,3,1,0.0,0.0,0.0,3,0.0,0.0,0.0,3,,,,0,20.0,0.0,0.0,3,20010.8,0.0,0.0,3,0.8,0.0,0.0,3
run,run_20260410_172912_8bf1db5_dirty,pilot_architecture_comparison,multi_agent_llm_game_benchmark_mock,mock-deterministic,structured_reasoning_v1,connect4_oracle_accuracy,connect4,gravity_grid_standard_v1,single,Single Agent,3,1,0.0,0.0,0.0,3,0.0,0.0,0.0,3,,,,0,20.0,0.0,0.0,3,20010.8,0.0,0.0,3,0.8,0.0,0.0,3
run,run_20260410_172912_8bf1db5_dirty,pilot_architecture_comparison,multi_agent_llm_game_benchmark_mock,mock-deterministic,structured_reasoning_v1,internal_ai_tournament,blotto,discrete_blotto_v1,hierarchical,Hierarchical Team,6,1,0.5,0.0,0.0,6,0.0,0.0,0.0,6,0.12666666666666668,0.003255555555555556,0.0570574758954123,6,,,,0,,,,0,,,,0
run,run_20260410_172912_8bf1db5_dirty,pilot_architecture_comparison,multi_agent_llm_game_benchmark_mock,mock-deterministic,structured_reasoning_v1,internal_ai_tournament,blotto,discrete_blotto_v1,parallel,Parallel Team,6,1,0.5,0.0,0.0,6,0.0,0.0,0.0,6,0.125,0.004525,0.06726812023536856,6,,,,0,,,,0,,,,0
run,run_20260410_172912_8bf1db5_dirty,pilot_architecture_comparison,multi_agent_llm_game_benchmark_mock,mock-deterministic,structured_reasoning_v1,internal_ai_tournament,blotto,discrete_blotto_v1,single,Single Agent,6,1,0.5,0.0,0.0,6,0.0,0.0,0.0,6,0.14833333333333334,0.0024138888888888886,0.04913134324327891,6,,,,0,,,,0,,,,0
run,run_20260410_172912_8bf1db5_dirty,pilot_architecture_comparison,multi_agent_llm_game_benchmark_mock,mock-deterministic,structured_reasoning_v1,internal_ai_tournament,connect4,gravity_grid_standard_v1,hierarchical,Hierarchical Team,6,1,0.0,0.0,0.0,6,0.0,0.0,0.0,6,,,,0,,,,0,,,,0,,,,0
run,run_20260410_172912_8bf1db5_dirty,pilot_architecture_comparison,multi_agent_llm_game_benchmark_mock,mock-deterministic,structured_reasoning_v1,internal_ai_tournament,connect4,gravity_grid_standard_v1,parallel,Parallel Team,6,1,0.5,0.25,0.5,6,0.0,0.0,0.0,6,,,,0,,,,0,,,,0,,,,0
run,run_20260410_172912_8bf1db5_dirty,pilot_architecture_comparison,multi_agent_llm_game_benchmark_mock,mock-deterministic,structured_reasoning_v1,internal_ai_tournament,connect4,gravity_grid_standard_v1,single,Single Agent,6,1,1.0,0.0,0.0,6,0.0,0.0,0.0,6,,,,0,,,,0,,,,0,,,,0
run,run_20260410_173043_8bf1db5_dirty,prompt_chain_of_thought_architecture_comparison,multi_agent_llm_game_benchmark_mock,mock-deterministic,chain_of_thought_v1,blotto_vs_bots,blotto,discrete_blotto_v1,hierarchical,Hierarchical Team,40,1,0.35,0.2275,0.47696960070847283,40,0.0,0.0,0.0,40,0.15625,0.0054984375,0.07415144974981945,40,,,,0,,,,0,,,,0
run,run_20260410_173043_8bf1db5_dirty,prompt_chain_of_thought_architecture_comparison,multi_agent_llm_game_benchmark_mock,mock-deterministic,chain_of_thought_v1,blotto_vs_bots,blotto,discrete_blotto_v1,parallel,Parallel Team,40,1,0.525,0.249375,0.4993746088859545,40,0.0,0.0,0.0,40,0.15575,0.0041794375,0.06464856920303805,40,,,,0,,,,0,,,,0
run,run_20260410_173043_8bf1db5_dirty,prompt_chain_of_thought_architecture_comparison,multi_agent_llm_game_benchmark_mock,mock-deterministic,chain_of_thought_v1,blotto_vs_bots,blotto,discrete_blotto_v1,single,Single Agent,40,1,0.3,0.1975,0.44440972086577946,40,0.0,0.0,0.0,40,0.13925,0.0044769375,0.06690992078907283,40,,,,0,,,,0,,,,0
run,run_20260410_173043_8bf1db5_dirty,prompt_chain_of_thought_architecture_comparison,multi_agent_llm_game_benchmark_mock,mock-deterministic,chain_of_thought_v1,connect4_oracle_accuracy,connect4,gravity_grid_standard_v1,hierarchical,Hierarchical Team,10,1,0.0,0.0,0.0,10,0.0,0.0,0.0,10,,,,0,20.0,0.0,0.0,10,20010.8,0.0,0.0,10,0.8,0.0,0.0,10
run,run_20260410_173043_8bf1db5_dirty,prompt_chain_of_thought_architecture_comparison,multi_agent_llm_game_benchmark_mock,mock-deterministic,chain_of_thought_v1,connect4_oracle_accuracy,connect4,gravity_grid_standard_v1,parallel,Parallel Team,10,1,0.0,0.0,0.0,10,0.0,0.0,0.0,10,,,,0,20.0,0.0,0.0,10,20010.8,0.0,0.0,10,0.8,0.0,0.0,10
run,run_20260410_173043_8bf1db5_dirty,prompt_chain_of_thought_architecture_comparison,multi_agent_llm_game_benchmark_mock,mock-deterministic,chain_of_thought_v1,connect4_oracle_accuracy,connect4,gravity_grid_standard_v1,single,Single Agent,10,1,0.0,0.0,0.0,10,0.0,0.0,0.0,10,,,,0,20.0,0.0,0.0,10,20010.8,0.0,0.0,10,0.8,0.0,0.0,10
run,run_20260410_173043_8bf1db5_dirty,prompt_chain_of_thought_architecture_comparison,multi_agent_llm_game_benchmark_mock,mock-deterministic,chain_of_thought_v1,internal_ai_tournament,blotto,discrete_blotto_v1,hierarchical,Hierarchical Team,20,1,0.5,0.0,0.0,20,0.0,0.0,0.0,20,0.1295,0.00296475,0.05444951790420187,20,,,,0,,,,0,,,,0
run,run_20260410_173043_8bf1db5_dirty,prompt_chain_of_thought_architecture_comparison,multi_agent_llm_game_benchmark_mock,mock-deterministic,chain_of_thought_v1,internal_ai_tournament,blotto,discrete_blotto_v1,parallel,Parallel Team,20,1,0.5,0.0,0.0,20,0.0,0.0,0.0,20,0.128,0.003506,0.05921148537234985,20,,,,0,,,,0,,,,0
run,run_20260410_173043_8bf1db5_dirty,prompt_chain_of_thought_architecture_comparison,multi_agent_llm_game_benchmark_mock,mock-deterministic,chain_of_thought_v1,internal_ai_tournament,blotto,discrete_blotto_v1,single,Single Agent,20,1,0.5,0.0,0.0,20,0.0,0.0,0.0,20,0.14150000000000001,0.00142275,0.037719358425084594,20,,,,0,,,,0,,,,0
run,run_20260410_173043_8bf1db5_dirty,prompt_chain_of_thought_architecture_comparison,multi_agent_llm_game_benchmark_mock,mock-deterministic,chain_of_thought_v1,internal_ai_tournament,connect4,gravity_grid_standard_v1,hierarchical,Hierarchical Team,20,1,0.0,0.0,0.0,20,0.0,0.0,0.0,20,,,,0,,,,0,,,,0,,,,0
run,run_20260410_173043_8bf1db5_dirty,prompt_chain_of_thought_architecture_comparison,multi_agent_llm_game_benchmark_mock,mock-deterministic,chain_of_thought_v1,internal_ai_tournament,connect4,gravity_grid_standard_v1,parallel,Parallel Team,20,1,0.5,0.25,0.5,20,0.0,0.0,0.0,20,,,,0,,,,0,,,,0,,,,0
run,run_20260410_173043_8bf1db5_dirty,prompt_chain_of_thought_architecture_comparison,multi_agent_llm_game_benchmark_mock,mock-deterministic,chain_of_thought_v1,internal_ai_tournament,connect4,gravity_grid_standard_v1,single,Single Agent,20,1,1.0,0.0,0.0,20,0.0,0.0,0.0,20,,,,0,,,,0,,,,0,,,,0
run,run_20260410_173111_8bf1db5_dirty,prompt_legality_first_architecture_comparison,multi_agent_llm_game_benchmark_mock,mock-deterministic,legality_first_v1,blotto_vs_bots,blotto,discrete_blotto_v1,hierarchical,Hierarchical Team,40,1,0.35,0.2275,0.47696960070847283,40,0.0,0.0,0.0,40,0.15625,0.0054984375,0.07415144974981945,40,,,,0,,,,0,,,,0
run,run_20260410_173111_8bf1db5_dirty,prompt_legality_first_architecture_comparison,multi_agent_llm_game_benchmark_mock,mock-deterministic,legality_first_v1,blotto_vs_bots,blotto,discrete_blotto_v1,parallel,Parallel Team,40,1,0.525,0.249375,0.4993746088859545,40,0.0,0.0,0.0,40,0.15575,0.0041794375,0.06464856920303805,40,,,,0,,,,0,,,,0
run,run_20260410_173111_8bf1db5_dirty,prompt_legality_first_architecture_comparison,multi_agent_llm_game_benchmark_mock,mock-deterministic,legality_first_v1,blotto_vs_bots,blotto,discrete_blotto_v1,single,Single Agent,40,1,0.3,0.1975,0.44440972086577946,40,0.0,0.0,0.0,40,0.13925,0.0044769375,0.06690992078907283,40,,,,0,,,,0,,,,0
run,run_20260410_173111_8bf1db5_dirty,prompt_legality_first_architecture_comparison,multi_agent_llm_game_benchmark_mock,mock-deterministic,legality_first_v1,connect4_oracle_accuracy,connect4,gravity_grid_standard_v1,hierarchical,Hierarchical Team,10,1,0.0,0.0,0.0,10,0.0,0.0,0.0,10,,,,0,20.0,0.0,0.0,10,20010.8,0.0,0.0,10,0.8,0.0,0.0,10
run,run_20260410_173111_8bf1db5_dirty,prompt_legality_first_architecture_comparison,multi_agent_llm_game_benchmark_mock,mock-deterministic,legality_first_v1,connect4_oracle_accuracy,connect4,gravity_grid_standard_v1,parallel,Parallel Team,10,1,0.0,0.0,0.0,10,0.0,0.0,0.0,10,,,,0,20.0,0.0,0.0,10,20010.8,0.0,0.0,10,0.8,0.0,0.0,10
run,run_20260410_173111_8bf1db5_dirty,prompt_legality_first_architecture_comparison,multi_agent_llm_game_benchmark_mock,mock-deterministic,legality_first_v1,connect4_oracle_accuracy,connect4,gravity_grid_standard_v1,single,Single Agent,10,1,0.0,0.0,0.0,10,0.0,0.0,0.0,10,,,,0,20.0,0.0,0.0,10,20010.8,0.0,0.0,10,0.8,0.0,0.0,10
run,run_20260410_173111_8bf1db5_dirty,prompt_legality_first_architecture_comparison,multi_agent_llm_game_benchmark_mock,mock-deterministic,legality_first_v1,internal_ai_tournament,blotto,discrete_blotto_v1,hierarchical,Hierarchical Team,20,1,0.5,0.0,0.0,20,0.0,0.0,0.0,20,0.1295,0.00296475,0.05444951790420187,20,,,,0,,,,0,,,,0
run,run_20260410_173111_8bf1db5_dirty,prompt_legality_first_architecture_comparison,multi_agent_llm_game_benchmark_mock,mock-deterministic,legality_first_v1,internal_ai_tournament,blotto,discrete_blotto_v1,parallel,Parallel Team,20,1,0.5,0.0,0.0,20,0.0,0.0,0.0,20,0.128,0.003506,0.05921148537234985,20,,,,0,,,,0,,,,0
run,run_20260410_173111_8bf1db5_dirty,prompt_legality_first_architecture_comparison,multi_agent_llm_game_benchmark_mock,mock-deterministic,legality_first_v1,internal_ai_tournament,blotto,discrete_blotto_v1,single,Single Agent,20,1,0.5,0.0,0.0,20,0.0,0.0,0.0,20,0.14150000000000001,0.00142275,0.037719358425084594,20,,,,0,,,,0,,,,0
run,run_20260410_173111_8bf1db5_dirty,prompt_legality_first_architecture_comparison,multi_agent_llm_game_benchmark_mock,mock-deterministic,legality_first_v1,internal_ai_tournament,connect4,gravity_grid_standard_v1,hierarchical,Hierarchical Team,20,1,0.0,0.0,0.0,20,0.0,0.0,0.0,20,,,,0,,,,0,,,,0,,,,0
run,run_20260410_173111_8bf1db5_dirty,prompt_legality_first_architecture_comparison,multi_agent_llm_game_benchmark_mock,mock-deterministic,legality_first_v1,internal_ai_tournament,connect4,gravity_grid_standard_v1,parallel,Parallel Team,20,1,0.5,0.25,0.5,20,0.0,0.0,0.0,20,,,,0,,,,0,,,,0,,,,0
run,run_20260410_173111_8bf1db5_dirty,prompt_legality_first_architecture_comparison,multi_agent_llm_game_benchmark_mock,mock-deterministic,legality_first_v1,internal_ai_tournament,connect4,gravity_grid_standard_v1,single,Single Agent,20,1,1.0,0.0,0.0,20,0.0,0.0,0.0,20,,,,0,,,,0,,,,0,,,,0
run,run_20260410_173015_8bf1db5_dirty,prompt_minimal_architecture_comparison,multi_agent_llm_game_benchmark_mock,mock-deterministic,minimal_v1,blotto_vs_bots,blotto,discrete_blotto_v1,hierarchical,Hierarchical Team,40,1,0.35,0.2275,0.47696960070847283,40,0.0,0.0,0.0,40,0.15625,0.0054984375,0.07415144974981945,40,,,,0,,,,0,,,,0
run,run_20260410_173015_8bf1db5_dirty,prompt_minimal_architecture_comparison,multi_agent_llm_game_benchmark_mock,mock-deterministic,minimal_v1,blotto_vs_bots,blotto,discrete_blotto_v1,parallel,Parallel Team,40,1,0.525,0.249375,0.4993746088859545,40,0.0,0.0,0.0,40,0.15575,0.0041794375,0.06464856920303805,40,,,,0,,,,0,,,,0
run,run_20260410_173015_8bf1db5_dirty,prompt_minimal_architecture_comparison,multi_agent_llm_game_benchmark_mock,mock-deterministic,minimal_v1,blotto_vs_bots,blotto,discrete_blotto_v1,single,Single Agent,40,1,0.3,0.1975,0.44440972086577946,40,0.0,0.0,0.0,40,0.13925,0.0044769375,0.06690992078907283,40,,,,0,,,,0,,,,0
run,run_20260410_173015_8bf1db5_dirty,prompt_minimal_architecture_comparison,multi_agent_llm_game_benchmark_mock,mock-deterministic,minimal_v1,connect4_oracle_accuracy,connect4,gravity_grid_standard_v1,hierarchical,Hierarchical Team,10,1,0.0,0.0,0.0,10,0.0,0.0,0.0,10,,,,0,20.0,0.0,0.0,10,20010.8,0.0,0.0,10,0.8,0.0,0.0,10
run,run_20260410_173015_8bf1db5_dirty,prompt_minimal_architecture_comparison,multi_agent_llm_game_benchmark_mock,mock-deterministic,minimal_v1,connect4_oracle_accuracy,connect4,gravity_grid_standard_v1,parallel,Parallel Team,10,1,0.0,0.0,0.0,10,0.0,0.0,0.0,10,,,,0,20.0,0.0,0.0,10,20010.8,0.0,0.0,10,0.8,0.0,0.0,10
run,run_20260410_173015_8bf1db5_dirty,prompt_minimal_architecture_comparison,multi_agent_llm_game_benchmark_mock,mock-deterministic,minimal_v1,connect4_oracle_accuracy,connect4,gravity_grid_standard_v1,single,Single Agent,10,1,0.0,0.0,0.0,10,0.0,0.0,0.0,10,,,,0,20.0,0.0,0.0,10,20010.8,0.0,0.0,10,0.8,0.0,0.0,10
run,run_20260410_173015_8bf1db5_dirty,prompt_minimal_architecture_comparison,multi_agent_llm_game_benchmark_mock,mock-deterministic,minimal_v1,internal_ai_tournament,blotto,discrete_blotto_v1,hierarchical,Hierarchical Team,20,1,0.5,0.0,0.0,20,0.0,0.0,0.0,20,0.1295,0.00296475,0.05444951790420187,20,,,,0,,,,0,,,,0
run,run_20260410_173015_8bf1db5_dirty,prompt_minimal_architecture_comparison,multi_agent_llm_game_benchmark_mock,mock-deterministic,minimal_v1,internal_ai_tournament,blotto,discrete_blotto_v1,parallel,Parallel Team,20,1,0.5,0.0,0.0,20,0.0,0.0,0.0,20,0.128,0.003506,0.05921148537234985,20,,,,0,,,,0,,,,0
run,run_20260410_173015_8bf1db5_dirty,prompt_minimal_architecture_comparison,multi_agent_llm_game_benchmark_mock,mock-deterministic,minimal_v1,internal_ai_tournament,blotto,discrete_blotto_v1,single,Single Agent,20,1,0.5,0.0,0.0,20,0.0,0.0,0.0,20,0.14150000000000001,0.00142275,0.037719358425084594,20,,,,0,,,,0,,,,0
run,run_20260410_173015_8bf1db5_dirty,prompt_minimal_architecture_comparison,multi_agent_llm_game_benchmark_mock,mock-deterministic,minimal_v1,internal_ai_tournament,connect4,gravity_grid_standard_v1,hierarchical,Hierarchical Team,20,1,0.0,0.0,0.0,20,0.0,0.0,0.0,20,,,,0,,,,0,,,,0,,,,0
run,run_20260410_173015_8bf1db5_dirty,prompt_minimal_architecture_comparison,multi_agent_llm_game_benchmark_mock,mock-deterministic,minimal_v1,internal_ai_tournament,connect4,gravity_grid_standard_v1,parallel,Parallel Team,20,1,0.5,0.25,0.5,20,0.0,0.0,0.0,20,,,,0,,,,0,,,,0,,,,0
run,run_20260410_173015_8bf1db5_dirty,prompt_minimal_architecture_comparison,multi_agent_llm_game_benchmark_mock,mock-deterministic,minimal_v1,internal_ai_tournament,connect4,gravity_grid_standard_v1,single,Single Agent,20,1,1.0,0.0,0.0,20,0.0,0.0,0.0,20,,,,0,,,,0,,,,0,,,,0
run,run_20260410_165737_8bf1db5_dirty,prompt_section8_smoke,prompt_section8_smoke,mock-deterministic,legality_first_v1,connect4_oracle_accuracy,connect4,gravity_grid_standard_v1,hierarchical,Hierarchical Team,1,1,0.0,0.0,0.0,1,0.0,0.0,0.0,1,,,,0,20.0,0.0,0.0,1,20010.8,0.0,0.0,1,0.8,0.0,0.0,1
run,run_20260410_165737_8bf1db5_dirty,prompt_section8_smoke,prompt_section8_smoke,mock-deterministic,legality_first_v1,connect4_oracle_accuracy,connect4,gravity_grid_standard_v1,parallel,Parallel Team,1,1,0.0,0.0,0.0,1,0.0,0.0,0.0,1,,,,0,20.0,0.0,0.0,1,20010.8,0.0,0.0,1,0.8,0.0,0.0,1
run,run_20260410_165737_8bf1db5_dirty,prompt_section8_smoke,prompt_section8_smoke,mock-deterministic,legality_first_v1,connect4_oracle_accuracy,connect4,gravity_grid_standard_v1,single,Single Agent,1,1,0.0,0.0,0.0,1,0.0,0.0,0.0,1,,,,0,20.0,0.0,0.0,1,20010.8,0.0,0.0,1,0.8,0.0,0.0,1
run,run_20260410_215734_032b2a0_dirty,quantization_subset,multi_agent_llm_game_benchmark_quantization_subset,qwen2_5_7b_quantization_subset,structured_reasoning_v1,blotto_vs_bots,blotto,discrete_blotto_v1,hierarchical_f16f16q4,Hierarchical Team (Q4->F16->F16),8,1,0.5,0.0,0.0,8,1.0,0.0,0.0,8,,,,0,,,,0,,,,0,,,,0
run,run_20260411_002628_032b2a0_dirty,quantization_subset,multi_agent_llm_game_benchmark_quantization_subset,qwen2_5_7b_quantization_subset,structured_reasoning_v1,blotto_vs_bots,blotto,discrete_blotto_v1,hierarchical_f16f16q4,Hierarchical Team (Q4->F16->F16),8,1,0.5625,0.21484375,0.46351240544347894,8,0.0,0.0,0.0,8,0.21125,0.0210359375,0.1450377106134815,8,,,,0,,,,0,,,,0
run,run_20260410_215734_032b2a0_dirty,quantization_subset,multi_agent_llm_game_benchmark_quantization_subset,qwen2_5_7b_quantization_subset,structured_reasoning_v1,blotto_vs_bots,blotto,discrete_blotto_v1,hierarchical_q4q4f16,Hierarchical Team (Q4->Q4->F16),8,1,0.5,0.0,0.0,8,1.0,0.0,0.0,8,,,,0,,,,0,,,,0,,,,0
run,run_20260411_002628_032b2a0_dirty,quantization_subset,multi_agent_llm_game_benchmark_quantization_subset,qwen2_5_7b_quantization_subset,structured_reasoning_v1,blotto_vs_bots,blotto,discrete_blotto_v1,hierarchical_q4q4f16,Hierarchical Team (Q4->Q4->F16),8,1,0.5625,0.21484375,0.46351240544347894,8,0.0,0.0,0.0,8,0.2325,0.019543750000000002,0.13979896280015816,8,,,,0,,,,0,,,,0
run,run_20260410_215734_032b2a0_dirty,quantization_subset,multi_agent_llm_game_benchmark_quantization_subset,qwen2_5_7b_quantization_subset,structured_reasoning_v1,blotto_vs_bots,blotto,discrete_blotto_v1,hierarchical_qmix,Hierarchical Team (Q4->Q8->F16),8,1,0.5,0.0,0.0,8,1.0,0.0,0.0,8,,,,0,,,,0,,,,0,,,,0
run,run_20260411_002628_032b2a0_dirty,quantization_subset,multi_agent_llm_game_benchmark_quantization_subset,qwen2_5_7b_quantization_subset,structured_reasoning_v1,blotto_vs_bots,blotto,discrete_blotto_v1,hierarchical_qmix,Hierarchical Team (Q4->Q8->F16),8,1,0.75,0.1875,0.4330127018922193,8,0.0,0.0,0.0,8,0.28,0.010125,0.10062305898749054,8,,,,0,,,,0,,,,0
run,run_20260410_215734_032b2a0_dirty,quantization_subset,multi_agent_llm_game_benchmark_quantization_subset,qwen2_5_7b_quantization_subset,structured_reasoning_v1,blotto_vs_bots,blotto,discrete_blotto_v1,parallel_f16f16q4,Parallel Team (F16+F16+Q4),8,1,0.5,0.0,0.0,8,1.0,0.0,0.0,8,,,,0,,,,0,,,,0,,,,0
run,run_20260411_002628_032b2a0_dirty,quantization_subset,multi_agent_llm_game_benchmark_quantization_subset,qwen2_5_7b_quantization_subset,structured_reasoning_v1,blotto_vs_bots,blotto,discrete_blotto_v1,parallel_f16f16q4,Parallel Team (F16+F16+Q4),8,1,0.3125,0.18359375,0.42847841252506524,8,0.0,0.0,0.0,8,0.15875,0.0134859375,0.11612896925401517,8,,,,0,,,,0,,,,0
run,run_20260410_215734_032b2a0_dirty,quantization_subset,multi_agent_llm_game_benchmark_quantization_subset,qwen2_5_7b_quantization_subset,structured_reasoning_v1,blotto_vs_bots,blotto,discrete_blotto_v1,parallel_q4q4f16,Parallel Team (Q4+Q4+F16),8,1,0.5,0.0,0.0,8,1.0,0.0,0.0,8,,,,0,,,,0,,,,0,,,,0
run,run_20260411_002628_032b2a0_dirty,quantization_subset,multi_agent_llm_game_benchmark_quantization_subset,qwen2_5_7b_quantization_subset,structured_reasoning_v1,blotto_vs_bots,blotto,discrete_blotto_v1,parallel_q4q4f16,Parallel Team (Q4+Q4+F16),8,1,0.75,0.1875,0.4330127018922193,8,0.0,0.0,0.0,8,0.065,0.001175,0.03427827300200522,8,,,,0,,,,0,,,,0
run,run_20260410_215734_032b2a0_dirty,quantization_subset,multi_agent_llm_game_benchmark_quantization_subset,qwen2_5_7b_quantization_subset,structured_reasoning_v1,blotto_vs_bots,blotto,discrete_blotto_v1,parallel_qmix,Parallel Team (Q4+Q8+F16),8,1,0.5,0.0,0.0,8,1.0,0.0,0.0,8,,,,0,,,,0,,,,0,,,,0
run,run_20260411_002628_032b2a0_dirty,quantization_subset,multi_agent_llm_game_benchmark_quantization_subset,qwen2_5_7b_quantization_subset,structured_reasoning_v1,blotto_vs_bots,blotto,discrete_blotto_v1,parallel_qmix,Parallel Team (Q4+Q8+F16),8,1,0.5625,0.21484375,0.46351240544347894,8,0.0,0.0,0.0,8,0.14625,0.0214734375,0.14653817761934942,8,,,,0,,,,0,,,,0
run,run_20260410_215734_032b2a0_dirty,quantization_subset,multi_agent_llm_game_benchmark_quantization_subset,qwen2_5_7b_quantization_subset,structured_reasoning_v1,connect4_oracle_accuracy,connect4,gravity_grid_standard_v1,hierarchical_f16f16q4,Hierarchical Team (Q4->F16->F16),2,1,0.0,0.0,0.0,2,1.0,0.0,0.0,2,,,,0,60.985,7.049025000000006,2.655000000000001,2,8715.02275,145559.60876756257,381.5227500000001,2,0.39015151515151514,0.0007030532598714419,0.02651515151515152,2
run,run_20260411_002628_032b2a0_dirty,quantization_subset,multi_agent_llm_game_benchmark_quantization_subset,qwen2_5_7b_quantization_subset,structured_reasoning_v1,connect4_oracle_accuracy,connect4,gravity_grid_standard_v1,hierarchical_f16f16q4,Hierarchical Team (Q4->F16->F16),2,1,0.0,0.0,0.0,2,0.041666666666666664,0.001736111111111111,0.041666666666666664,2,,,,0,33.335,69.47222500000001,8.335,2,4181.91665,17238411.868547224,4151.91665,2,0.6666666666666667,0.0069444444444444415,0.08333333333333331,2
run,run_20260410_215734_032b2a0_dirty,quantization_subset,multi_agent_llm_game_benchmark_quantization_subset,qwen2_5_7b_quantization_subset,structured_reasoning_v1,connect4_oracle_accuracy,connect4,gravity_grid_standard_v1,hierarchical_q4q4f16,Hierarchical Team (Q4->Q4->F16),2,1,0.0,0.0,0.0,2,1.0,0.0,0.0,2,,,,0,38.125,328.515625,18.125,2,13126.5625,47299146.56640625,6877.4375,2,0.61875,0.03285156250000001,0.18125000000000002,2
run,run_20260411_002628_032b2a0_dirty,quantization_subset,multi_agent_llm_game_benchmark_quantization_subset,qwen2_5_7b_quantization_subset,structured_reasoning_v1,connect4_oracle_accuracy,connect4,gravity_grid_standard_v1,hierarchical_q4q4f16,Hierarchical Team (Q4->Q4->F16),2,1,0.0,0.0,0.0,2,0.0,0.0,0.0,2,,,,0,16.67,0.0,0.0,2,16662.3333,169.0,13.0,2,0.8333333333333334,0.0,0.0,2
run,run_20260410_215734_032b2a0_dirty,quantization_subset,multi_agent_llm_game_benchmark_quantization_subset,qwen2_5_7b_quantization_subset,structured_reasoning_v1,connect4_oracle_accuracy,connect4,gravity_grid_standard_v1,hierarchical_qmix,Hierarchical Team (Q4->Q8->F16),2,1,0.0,0.0,0.0,2,1.0,0.0,0.0,2,,,,0,30.68,32.2624,5.68,2,10785.375,2997659.390625,1731.375,2,0.6931818181818181,0.0032283057851239675,0.05681818181818182,2
run,run_20260411_002628_032b2a0_dirty,quantization_subset,multi_agent_llm_game_benchmark_quantization_subset,qwen2_5_7b_quantization_subset,structured_reasoning_v1,connect4_oracle_accuracy,connect4,gravity_grid_standard_v1,hierarchical_qmix,Hierarchical Team (Q4->Q8->F16),2,1,0.0,0.0,0.0,2,0.0,0.0,0.0,2,,,,0,17.145,8.151025000000002,2.8550000000000004,2,17159.2857,8149393.734624488,2854.7142999999996,2,0.8285714285714285,0.0008163265306122422,0.028571428571428525,2
run,run_20260410_215734_032b2a0_dirty,quantization_subset,multi_agent_llm_game_benchmark_quantization_subset,qwen2_5_7b_quantization_subset,structured_reasoning_v1,connect4_oracle_accuracy,connect4,gravity_grid_standard_v1,parallel_f16f16q4,Parallel Team (F16+F16+Q4),2,1,0.0,0.0,0.0,2,1.0,0.0,0.0,2,,,,0,32.5,56.25,7.5,2,22497.0,6235009.0,2497.0,2,0.675,0.0056250000000000015,0.07500000000000001,2
run,run_20260411_002628_032b2a0_dirty,quantization_subset,multi_agent_llm_game_benchmark_quantization_subset,qwen2_5_7b_quantization_subset,structured_reasoning_v1,connect4_oracle_accuracy,connect4,gravity_grid_standard_v1,parallel_f16f16q4,Parallel Team (F16+F16+Q4),2,1,0.0,0.0,0.0,2,0.0,0.0,0.0,2,,,,0,27.145,165.251025,12.855,2,7184.1,51121070.01,7149.9,2,0.7285714285714285,0.016530612244897956,0.12857142857142856,2
run,run_20260410_215734_032b2a0_dirty,quantization_subset,multi_agent_llm_game_benchmark_quantization_subset,qwen2_5_7b_quantization_subset,structured_reasoning_v1,connect4_oracle_accuracy,connect4,gravity_grid_standard_v1,parallel_q4q4f16,Parallel Team (Q4+Q4+F16),2,1,0.0,0.0,0.0,2,1.0,0.0,0.0,2,,,,0,22.725,516.4256250000001,22.725,2,12515.36365,155866144.7917413,12484.636349999999,2,0.7727272727272727,0.05165289256198348,0.2272727272727273,2
run,run_20260411_002628_032b2a0_dirty,quantization_subset,multi_agent_llm_game_benchmark_quantization_subset,qwen2_5_7b_quantization_subset,structured_reasoning_v1,connect4_oracle_accuracy,connect4,gravity_grid_standard_v1,parallel_q4q4f16,Parallel Team (Q4+Q4+F16),2,1,0.0,0.0,0.0,2,0.0,0.0,0.0,2,,,,0,26.134999999999998,1.2882249999999995,1.1349999999999998,2,8719.9697,137865.91780899992,371.3029999999999,2,0.7386363636363636,0.00012913223140495844,0.011363636363636354,2
run,run_20260410_215734_032b2a0_dirty,quantization_subset,multi_agent_llm_game_benchmark_quantization_subset,qwen2_5_7b_quantization_subset,structured_reasoning_v1,connect4_oracle_accuracy,connect4,gravity_grid_standard_v1,parallel_qmix,Parallel Team (Q4+Q8+F16),2,1,0.0,0.0,0.0,2,1.0,0.0,0.0,2,,,,0,33.075,170.95562499999997,13.075,2,10009.53845,99729414.2896284,9986.46155,2,0.6692307692307693,0.01710059171597634,0.1307692307692308,2
run,run_20260411_002628_032b2a0_dirty,quantization_subset,multi_agent_llm_game_benchmark_quantization_subset,qwen2_5_7b_quantization_subset,structured_reasoning_v1,connect4_oracle_accuracy,connect4,gravity_grid_standard_v1,parallel_qmix,Parallel Team (Q4+Q8+F16),2,1,0.0,0.0,0.0,2,0.0,0.0,0.0,2,,,,0,29.165,17.347224999999995,4.164999999999999,2,14601.58335,4335071.076347225,2082.083350000001,2,0.7083333333333333,0.0017361111111111127,0.041666666666666685,2
run,run_20260410_215734_032b2a0_dirty,quantization_subset,multi_agent_llm_game_benchmark_quantization_subset,qwen2_5_7b_quantization_subset,structured_reasoning_v1,internal_ai_tournament,blotto,discrete_blotto_v1,hierarchical_f16f16q4,Hierarchical Team (Q4->F16->F16),10,1,0.5,0.0,0.0,10,1.0,0.0,0.0,10,,,,0,,,,0,,,,0,,,,0
run,run_20260411_002628_032b2a0_dirty,quantization_subset,multi_agent_llm_game_benchmark_quantization_subset,qwen2_5_7b_quantization_subset,structured_reasoning_v1,internal_ai_tournament,blotto,discrete_blotto_v1,hierarchical_f16f16q4,Hierarchical Team (Q4->F16->F16),10,1,0.45,0.1725,0.4153311931459037,10,0.1,0.09,0.3,10,0.17444444444444446,0.008202469135802469,0.0905674838769548,9,,,,0,,,,0,,,,0
run,run_20260410_215734_032b2a0_dirty,quantization_subset,multi_agent_llm_game_benchmark_quantization_subset,qwen2_5_7b_quantization_subset,structured_reasoning_v1,internal_ai_tournament,blotto,discrete_blotto_v1,hierarchical_q4q4f16,Hierarchical Team (Q4->Q4->F16),10,1,0.5,0.0,0.0,10,1.0,0.0,0.0,10,,,,0,,,,0,,,,0,,,,0
run,run_20260411_002628_032b2a0_dirty,quantization_subset,multi_agent_llm_game_benchmark_quantization_subset,qwen2_5_7b_quantization_subset,structured_reasoning_v1,internal_ai_tournament,blotto,discrete_blotto_v1,hierarchical_q4q4f16,Hierarchical Team (Q4->Q4->F16),10,1,0.65,0.2025,0.45,10,0.0,0.0,0.0,10,0.157,0.0071010000000000005,0.08426743143112884,10,,,,0,,,,0,,,,0
run,run_20260410_215734_032b2a0_dirty,quantization_subset,multi_agent_llm_game_benchmark_quantization_subset,qwen2_5_7b_quantization_subset,structured_reasoning_v1,internal_ai_tournament,blotto,discrete_blotto_v1,hierarchical_qmix,Hierarchical Team (Q4->Q8->F16),10,1,0.5,0.0,0.0,10,1.0,0.0,0.0,10,,,,0,,,,0,,,,0,,,,0
run,run_20260411_002628_032b2a0_dirty,quantization_subset,multi_agent_llm_game_benchmark_quantization_subset,qwen2_5_7b_quantization_subset,structured_reasoning_v1,internal_ai_tournament,blotto,discrete_blotto_v1,hierarchical_qmix,Hierarchical Team (Q4->Q8->F16),10,1,0.4,0.19,0.43588989435406733,10,0.0,0.0,0.0,10,0.188,0.024116,0.1552932709424333,10,,,,0,,,,0,,,,0
run,run_20260410_215734_032b2a0_dirty,quantization_subset,multi_agent_llm_game_benchmark_quantization_subset,qwen2_5_7b_quantization_subset,structured_reasoning_v1,internal_ai_tournament,blotto,discrete_blotto_v1,parallel_f16f16q4,Parallel Team (F16+F16+Q4),10,1,0.5,0.0,0.0,10,1.0,0.0,0.0,10,,,,0,,,,0,,,,0,,,,0
run,run_20260411_002628_032b2a0_dirty,quantization_subset,multi_agent_llm_game_benchmark_quantization_subset,qwen2_5_7b_quantization_subset,structured_reasoning_v1,internal_ai_tournament,blotto,discrete_blotto_v1,parallel_f16f16q4,Parallel Team (F16+F16+Q4),10,1,0.5,0.2,0.4472135954999579,10,0.0,0.0,0.0,10,0.12100000000000001,0.008609,0.09278469701410896,10,,,,0,,,,0,,,,0
run,run_20260410_215734_032b2a0_dirty,quantization_subset,multi_agent_llm_game_benchmark_quantization_subset,qwen2_5_7b_quantization_subset,structured_reasoning_v1,internal_ai_tournament,blotto,discrete_blotto_v1,parallel_q4q4f16,Parallel Team (Q4+Q4+F16),10,1,0.5,0.0,0.0,10,1.0,0.0,0.0,10,,,,0,,,,0,,,,0,,,,0
run,run_20260411_002628_032b2a0_dirty,quantization_subset,multi_agent_llm_game_benchmark_quantization_subset,qwen2_5_7b_quantization_subset,structured_reasoning_v1,internal_ai_tournament,blotto,discrete_blotto_v1,parallel_q4q4f16,Parallel Team (Q4+Q4+F16),10,1,0.4,0.19,0.43588989435406733,10,0.1,0.09,0.3,10,0.12111111111111111,0.017520987654320988,0.1323668676607594,9,,,,0,,,,0,,,,0
run,run_20260410_215734_032b2a0_dirty,quantization_subset,multi_agent_llm_game_benchmark_quantization_subset,qwen2_5_7b_quantization_subset,structured_reasoning_v1,internal_ai_tournament,blotto,discrete_blotto_v1,parallel_qmix,Parallel Team (Q4+Q8+F16),10,1,0.5,0.0,0.0,10,1.0,0.0,0.0,10,,,,0,,,,0,,,,0,,,,0
run,run_20260411_002628_032b2a0_dirty,quantization_subset,multi_agent_llm_game_benchmark_quantization_subset,qwen2_5_7b_quantization_subset,structured_reasoning_v1,internal_ai_tournament,blotto,discrete_blotto_v1,parallel_qmix,Parallel Team (Q4+Q8+F16),10,1,0.6,0.19,0.43588989435406733,10,0.0,0.0,0.0,10,0.192,0.011616,0.10777754868245984,10,,,,0,,,,0,,,,0
run,run_20260410_215734_032b2a0_dirty,quantization_subset,multi_agent_llm_game_benchmark_quantization_subset,qwen2_5_7b_quantization_subset,structured_reasoning_v1,internal_ai_tournament,connect4,gravity_grid_standard_v1,hierarchical_f16f16q4,Hierarchical Team (Q4->F16->F16),10,1,0.5,0.25,0.5,10,1.0,0.0,0.0,10,,,,0,,,,0,,,,0,,,,0
run,run_20260411_002628_032b2a0_dirty,quantization_subset,multi_agent_llm_game_benchmark_quantization_subset,qwen2_5_7b_quantization_subset,structured_reasoning_v1,internal_ai_tournament,connect4,gravity_grid_standard_v1,hierarchical_f16f16q4,Hierarchical Team (Q4->F16->F16),10,1,0.55,0.2225,0.4716990566028302,10,0.0047619047619047615,0.0002040816326530612,0.014285714285714285,10,,,,0,,,,0,,,,0,,,,0
run,run_20260410_215734_032b2a0_dirty,quantization_subset,multi_agent_llm_game_benchmark_quantization_subset,qwen2_5_7b_quantization_subset,structured_reasoning_v1,internal_ai_tournament,connect4,gravity_grid_standard_v1,hierarchical_q4q4f16,Hierarchical Team (Q4->Q4->F16),10,1,0.4,0.24,0.4898979485566356,10,1.0,0.0,0.0,10,,,,0,,,,0,,,,0,,,,0
run,run_20260411_002628_032b2a0_dirty,quantization_subset,multi_agent_llm_game_benchmark_quantization_subset,qwen2_5_7b_quantization_subset,structured_reasoning_v1,internal_ai_tournament,connect4,gravity_grid_standard_v1,hierarchical_q4q4f16,Hierarchical Team (Q4->Q4->F16),10,1,0.35,0.2025,0.45,10,0.0058823529411764705,0.00031141868512110725,0.01764705882352941,10,,,,0,,,,0,,,,0,,,,0
run,run_20260410_215734_032b2a0_dirty,quantization_subset,multi_agent_llm_game_benchmark_quantization_subset,qwen2_5_7b_quantization_subset,structured_reasoning_v1,internal_ai_tournament,connect4,gravity_grid_standard_v1,hierarchical_qmix,Hierarchical Team (Q4->Q8->F16),10,1,0.4,0.24,0.4898979485566356,10,1.0,0.0,0.0,10,,,,0,,,,0,,,,0,,,,0
run,run_20260411_002628_032b2a0_dirty,quantization_subset,multi_agent_llm_game_benchmark_quantization_subset,qwen2_5_7b_quantization_subset,structured_reasoning_v1,internal_ai_tournament,connect4,gravity_grid_standard_v1,hierarchical_qmix,Hierarchical Team (Q4->Q8->F16),10,1,0.6,0.24,0.4898979485566356,10,0.07894736842105263,0.05609418282548476,0.23684210526315788,10,,,,0,,,,0,,,,0,,,,0
run,run_20260410_215734_032b2a0_dirty,quantization_subset,multi_agent_llm_game_benchmark_quantization_subset,qwen2_5_7b_quantization_subset,structured_reasoning_v1,internal_ai_tournament,connect4,gravity_grid_standard_v1,parallel_f16f16q4,Parallel Team (F16+F16+Q4),10,1,0.5,0.25,0.5,10,1.0,0.0,0.0,10,,,,0,,,,0,,,,0,,,,0
run,run_20260411_002628_032b2a0_dirty,quantization_subset,multi_agent_llm_game_benchmark_quantization_subset,qwen2_5_7b_quantization_subset,structured_reasoning_v1,internal_ai_tournament,connect4,gravity_grid_standard_v1,parallel_f16f16q4,Parallel Team (F16+F16+Q4),10,1,0.7,0.21,0.458257569495584,10,0.0,0.0,0.0,10,,,,0,,,,0,,,,0,,,,0
run,run_20260410_215734_032b2a0_dirty,quantization_subset,multi_agent_llm_game_benchmark_quantization_subset,qwen2_5_7b_quantization_subset,structured_reasoning_v1,internal_ai_tournament,connect4,gravity_grid_standard_v1,parallel_q4q4f16,Parallel Team (Q4+Q4+F16),10,1,0.8,0.16,0.4,10,1.0,0.0,0.0,10,,,,0,,,,0,,,,0,,,,0
run,run_20260411_002628_032b2a0_dirty,quantization_subset,multi_agent_llm_game_benchmark_quantization_subset,qwen2_5_7b_quantization_subset,structured_reasoning_v1,internal_ai_tournament,connect4,gravity_grid_standard_v1,parallel_q4q4f16,Parallel Team (Q4+Q4+F16),10,1,0.4,0.24,0.4898979485566356,10,0.07894736842105263,0.05609418282548476,0.23684210526315788,10,,,,0,,,,0,,,,0,,,,0
run,run_20260410_215734_032b2a0_dirty,quantization_subset,multi_agent_llm_game_benchmark_quantization_subset,qwen2_5_7b_quantization_subset,structured_reasoning_v1,internal_ai_tournament,connect4,gravity_grid_standard_v1,parallel_qmix,Parallel Team (Q4+Q8+F16),10,1,0.4,0.24,0.4898979485566356,10,1.0,0.0,0.0,10,,,,0,,,,0,,,,0,,,,0
run,run_20260411_002628_032b2a0_dirty,quantization_subset,multi_agent_llm_game_benchmark_quantization_subset,qwen2_5_7b_quantization_subset,structured_reasoning_v1,internal_ai_tournament,connect4,gravity_grid_standard_v1,parallel_qmix,Parallel Team (Q4+Q8+F16),10,1,0.4,0.24,0.4898979485566356,10,0.0,0.0,0.0,10,,,,0,,,,0,,,,0,,,,0
run,run_20260410_163730_8bf1db5_dirty,runtime_smoke,runtime_smoke,mock-deterministic,,internal_ai_tournament,blotto,blotto,hierarchical_team,Hierarchical Team,2,1,0.5,0.0,0.0,2,0.0,0.0,0.0,2,,,,0,,,,0,,,,0,,,,0
run,run_20260410_163730_8bf1db5_dirty,runtime_smoke,runtime_smoke,mock-deterministic,,internal_ai_tournament,blotto,blotto,parallel_team,Parallel Team,2,1,0.5,0.0,0.0,2,0.0,0.0,0.0,2,,,,0,,,,0,,,,0,,,,0
run,run_20260410_163730_8bf1db5_dirty,runtime_smoke,runtime_smoke,mock-deterministic,,internal_ai_tournament,blotto,blotto,single_agent,Single Agent,2,1,0.5,0.0,0.0,2,0.0,0.0,0.0,2,,,,0,,,,0,,,,0,,,,0
run,run_20260410_163730_8bf1db5_dirty,runtime_smoke,runtime_smoke,mock-deterministic,,internal_ai_tournament,connect4,connect4,hierarchical_team,Hierarchical Team,2,1,0.0,0.0,0.0,2,0.0,0.0,0.0,2,,,,0,,,,0,,,,0,,,,0
run,run_20260410_163730_8bf1db5_dirty,runtime_smoke,runtime_smoke,mock-deterministic,,internal_ai_tournament,connect4,connect4,parallel_team,Parallel Team,2,1,0.5,0.25,0.5,2,0.0,0.0,0.0,2,,,,0,,,,0,,,,0,,,,0
run,run_20260410_163730_8bf1db5_dirty,runtime_smoke,runtime_smoke,mock-deterministic,,internal_ai_tournament,connect4,connect4,single_agent,Single Agent,2,1,1.0,0.0,0.0,2,0.0,0.0,0.0,2,,,,0,,,,0,,,,0,,,,0
